geo,year,percent,age
AL,2020,:,Y25-34
AT,2020,:,Y25-34
BE,2020,3.4,Y25-34
BG,2020,14.6,Y25-34
CH,2020,7.2,Y25-34
CY,2020,4,Y25-34
CZ,2020,11.2,Y25-34
DE,2020,:,Y25-34
DK,2020,10.9,Y25-34
EE,2020,:,Y25-34
EL,2020,:,Y25-34
ES,2020,1,Y25-34
FI,2020,9.9,Y25-34
FR,2020,10.3,Y25-34
HR,2020,10.3,Y25-34
HU,2020,14.8,Y25-34
IE,2020,:,Y25-34
IS,2020,7.2,Y25-34
IT,2020,4.3,Y25-34
LT,2020,14,Y25-34
LU,2020,:,Y25-34
LV,2020,21.2,Y25-34
ME,2020,:,Y25-34
MK,2020,:,Y25-34
MT,2020,5.8,Y25-34
NL,2020,1.7,Y25-34
NO,2020,6.8,Y25-34
PL,2020,7.2,Y25-34
PT,2020,9.3,Y25-34
RO,2020,8.1,Y25-34
RS,2020,:,Y25-34
SE,2020,7,Y25-34
SI,2020,5.4,Y25-34
SK,2020,11.5,Y25-34
TR,2020,:,Y25-34
UK,2020,:,Y25-34
AL,2020,:,Y35-44
AT,2020,:,Y35-44
BE,2020,4.9,Y35-44
BG,2020,17.6,Y35-44
CH,2020,16,Y35-44
CY,2020,6.6,Y35-44
CZ,2020,21.1,Y35-44
DE,2020,:,Y35-44
DK,2020,14.2,Y35-44
EE,2020,:,Y35-44
EL,2020,:,Y35-44
ES,2020,7.6,Y35-44
FI,2020,16.5,Y35-44
FR,2020,12.7,Y35-44
HR,2020,14.1,Y35-44
HU,2020,22.2,Y35-44
IE,2020,:,Y35-44
IS,2020,12.8,Y35-44
IT,2020,3.3,Y35-44
LT,2020,17.5,Y35-44
LU,2020,:,Y35-44
LV,2020,23.8,Y35-44
ME,2020,:,Y35-44
MK,2020,:,Y35-44
MT,2020,12.3,Y35-44
NL,2020,8,Y35-44
NO,2020,13.1,Y35-44
PL,2020,9.4,Y35-44
PT,2020,11.5,Y35-44
RO,2020,4.4,Y35-44
RS,2020,:,Y35-44
SE,2020,11.4,Y35-44
SI,2020,6.5,Y35-44
SK,2020,20.1,Y35-44
TR,2020,:,Y35-44
UK,2020,:,Y35-44
AL,2020,:,Y45-54
AT,2020,:,Y45-54
BE,2020,4.7,Y45-54
BG,2020,15,Y45-54
CH,2020,23.7,Y45-54
CY,2020,12.7,Y45-54
CZ,2020,19.6,Y45-54
DE,2020,:,Y45-54
DK,2020,17.2,Y45-54
EE,2020,:,Y45-54
EL,2020,:,Y45-54
ES,2020,12.2,Y45-54
FI,2020,19.8,Y45-54
FR,2020,18.4,Y45-54
HR,2020,19.8,Y45-54
HU,2020,18.3,Y45-54
IE,2020,:,Y45-54
IS,2020,19,Y45-54
IT,2020,5.9,Y45-54
LT,2020,11,Y45-54
LU,2020,:,Y45-54
LV,2020,19,Y45-54
ME,2020,:,Y45-54
MK,2020,:,Y45-54
MT,2020,12.4,Y45-54
NL,2020,18.6,Y45-54
NO,2020,17,Y45-54
PL,2020,5.5,Y45-54
PT,2020,15,Y45-54
RO,2020,-1.2,Y45-54
RS,2020,:,Y45-54
SE,2020,14.8,Y45-54
SI,2020,5.8,Y45-54
SK,2020,17.7,Y45-54
TR,2020,:,Y45-54
UK,2020,:,Y45-54
AL,2020,:,Y55-64
AT,2020,:,Y55-64
BE,2020,8.9,Y55-64
BG,2020,5.1,Y55-64
CH,2020,25.7,Y55-64
CY,2020,9.1,Y55-64
CZ,2020,9.8,Y55-64
DE,2020,:,Y55-64
DK,2020,16.6,Y55-64
EE,2020,:,Y55-64
EL,2020,:,Y55-64
ES,2020,15.7,Y55-64
FI,2020,19.7,Y55-64
FR,2020,21.2,Y55-64
HR,2020,9.9,Y55-64
HU,2020,12.7,Y55-64
IE,2020,:,Y55-64
IS,2020,20.3,Y55-64
IT,2020,8.9,Y55-64
LT,2020,8.9,Y55-64
LU,2020,:,Y55-64
LV,2020,15.9,Y55-64
ME,2020,:,Y55-64
MK,2020,:,Y55-64
MT,2020,9.3,Y55-64
NL,2020,20.1,Y55-64
NO,2020,19.1,Y55-64
PL,2020,-6.8,Y55-64
PT,2020,9.9,Y55-64
RO,2020,-5.4,Y55-64
RS,2020,:,Y55-64
SE,2020,14.3,Y55-64
SI,2020,1.3,Y55-64
SK,2020,13.1,Y55-64
TR,2020,:,Y55-64
UK,2020,:,Y55-64
AL,2020,:,Y_GE65
AT,2020,:,Y_GE65
BE,2020,:,Y_GE65
BG,2020,-14,Y_GE65
CH,2020,28,Y_GE65
CY,2020,23,Y_GE65
CZ,2020,8.5,Y_GE65
DE,2020,:,Y_GE65
DK,2020,9.6,Y_GE65
EE,2020,:,Y_GE65
EL,2020,:,Y_GE65
ES,2020,32.5,Y_GE65
FI,2020,24.3,Y_GE65
FR,2020,25.9,Y_GE65
HR,2020,6.6,Y_GE65
HU,2020,19.5,Y_GE65
IE,2020,:,Y_GE65
IS,2020,18.1,Y_GE65
IT,2020,14.9,Y_GE65
LT,2020,7.6,Y_GE65
LU,2020,:,Y_GE65
LV,2020,13.1,Y_GE65
ME,2020,:,Y_GE65
MK,2020,:,Y_GE65
MT,2020,14.2,Y_GE65
NL,2020,14.5,Y_GE65
NO,2020,16.2,Y_GE65
PL,2020,9.1,Y_GE65
PT,2020,25.6,Y_GE65
RO,2020,-17.8,Y_GE65
RS,2020,:,Y_GE65
SE,2020,10.3,Y_GE65
SI,2020,3.9,Y_GE65
SK,2020,12.7,Y_GE65
TR,2020,:,Y_GE65
UK,2020,:,Y_GE65
AL,2020,:,Y_LT25
AT,2020,:,Y_LT25
BE,2020,0.4,Y_LT25
BG,2020,6.6,Y_LT25
CH,2020,3.7,Y_LT25
CY,2020,17,Y_LT25
CZ,2020,5.7,Y_LT25
DE,2020,:,Y_LT25
DK,2020,4.4,Y_LT25
EE,2020,:,Y_LT25
EL,2020,:,Y_LT25
ES,2020,-3,Y_LT25
FI,2020,5.9,Y_LT25
FR,2020,3.2,Y_LT25
HR,2020,5.7,Y_LT25
HU,2020,7.1,Y_LT25
IE,2020,:,Y_LT25
IS,2020,-0.9,Y_LT25
IT,2020,4.5,Y_LT25
LT,2020,13.6,Y_LT25
LU,2020,:,Y_LT25
LV,2020,11.8,Y_LT25
ME,2020,:,Y_LT25
MK,2020,:,Y_LT25
MT,2020,7.4,Y_LT25
NL,2020,1.9,Y_LT25
NO,2020,0.3,Y_LT25
PL,2020,8.2,Y_LT25
PT,2020,7.8,Y_LT25
RO,2020,5.4,Y_LT25
RS,2020,:,Y_LT25
SE,2020,5.6,Y_LT25
SI,2020,3.8,Y_LT25
SK,2020,6.9,Y_LT25
TR,2020,:,Y_LT25
UK,2020,:,Y_LT25
AL,2019,:,Y25-34
AT,2019,:,Y25-34
BE,2019,3.8,Y25-34
BG,2019,16,Y25-34
CH,2019,7.4,Y25-34
CY,2019,4.3,Y25-34
CZ,2019,13.4,Y25-34
DE,2019,:,Y25-34
DK,2019,10.9,Y25-34
EE,2019,:,Y25-34
EL,2019,:,Y25-34
ES,2019,1,Y25-34
FI,2019,10,Y25-34
FR,2019,10.7,Y25-34
HR,2019,8.9,Y25-34
HU,2019,16.1,Y25-34
IE,2019,:,Y25-34
IS,2019,7.7,Y25-34
IT,2019,4.6,Y25-34
LT,2019,12.9,Y25-34
LU,2019,:,Y25-34
LV,2019,19.8,Y25-34
ME,2019,:,Y25-34
MK,2019,:,Y25-34
MT,2019,7.2,Y25-34
NL,2019,1.9,Y25-34
NO,2019,6.7,Y25-34
PL,2019,9.1,Y25-34
PT,2019,9,Y25-34
RO,2019,8.1,Y25-34
RS,2019,:,Y25-34
SE,2019,7.4,Y25-34
SI,2019,9.7,Y25-34
SK,2019,14.1,Y25-34
TR,2019,:,Y25-34
UK,2019,:,Y25-34
AL,2019,:,Y35-44
AT,2019,:,Y35-44
BE,2019,5.4,Y35-44
BG,2019,18.9,Y35-44
CH,2019,16.2,Y35-44
CY,2019,7.3,Y35-44
CZ,2019,23.7,Y35-44
DE,2019,:,Y35-44
DK,2019,14.9,Y35-44
EE,2019,:,Y35-44
EL,2019,:,Y35-44
ES,2019,7.6,Y35-44
FI,2019,17.2,Y35-44
FR,2019,13.1,Y35-44
HR,2019,12.8,Y35-44
HU,2019,22.8,Y35-44
IE,2019,:,Y35-44
IS,2019,14.2,Y35-44
IT,2019,4.6,Y35-44
LT,2019,16.9,Y35-44
LU,2019,:,Y35-44
LV,2019,23.1,Y35-44
ME,2019,:,Y35-44
MK,2019,:,Y35-44
MT,2019,14.3,Y35-44
NL,2019,8.6,Y35-44
NO,2019,12.8,Y35-44
PL,2019,11.5,Y35-44
PT,2019,11.4,Y35-44
RO,2019,4.5,Y35-44
RS,2019,:,Y35-44
SE,2019,12.4,Y35-44
SI,2019,10.6,Y35-44
SK,2019,22.3,Y35-44
TR,2019,:,Y35-44
UK,2019,:,Y35-44
AL,2019,:,Y45-54
AT,2019,:,Y45-54
BE,2019,5.2,Y45-54
BG,2019,16.4,Y45-54
CH,2019,23.9,Y45-54
CY,2019,14.8,Y45-54
CZ,2019,22,Y45-54
DE,2019,:,Y45-54
DK,2019,17.6,Y45-54
EE,2019,:,Y45-54
EL,2019,:,Y45-54
ES,2019,12.2,Y45-54
FI,2019,20.3,Y45-54
FR,2019,18.8,Y45-54
HR,2019,18.6,Y45-54
HU,2019,19.1,Y45-54
IE,2019,:,Y45-54
IS,2019,20.8,Y45-54
IT,2019,6.4,Y45-54
LT,2019,9.8,Y45-54
LU,2019,:,Y45-54
LV,2019,17.8,Y45-54
ME,2019,:,Y45-54
MK,2019,:,Y45-54
MT,2019,14.6,Y45-54
NL,2019,19.1,Y45-54
NO,2019,16.8,Y45-54
PL,2019,6.8,Y45-54
PT,2019,14.5,Y45-54
RO,2019,-1.2,Y45-54
RS,2019,:,Y45-54
SE,2019,15.8,Y45-54
SI,2019,10.6,Y45-54
SK,2019,20.6,Y45-54
TR,2019,:,Y45-54
UK,2019,:,Y45-54
AL,2019,:,Y55-64
AT,2019,:,Y55-64
BE,2019,9.2,Y55-64
BG,2019,6.7,Y55-64
CH,2019,25.9,Y55-64
CY,2019,10.2,Y55-64
CZ,2019,12.9,Y55-64
DE,2019,:,Y55-64
DK,2019,16.3,Y55-64
EE,2019,:,Y55-64
EL,2019,:,Y55-64
ES,2019,15.7,Y55-64
FI,2019,20.5,Y55-64
FR,2019,21.7,Y55-64
HR,2019,8.6,Y55-64
HU,2019,14.8,Y55-64
IE,2019,:,Y55-64
IS,2019,21.9,Y55-64
IT,2019,8.8,Y55-64
LT,2019,9.5,Y55-64
LU,2019,:,Y55-64
LV,2019,15.5,Y55-64
ME,2019,:,Y55-64
MK,2019,:,Y55-64
MT,2019,11.7,Y55-64
NL,2019,20.4,Y55-64
NO,2019,19,Y55-64
PL,2019,-3.4,Y55-64
PT,2019,9.3,Y55-64
RO,2019,-5.4,Y55-64
RS,2019,:,Y55-64
SE,2019,14.7,Y55-64
SI,2019,6.1,Y55-64
SK,2019,16.3,Y55-64
TR,2019,:,Y55-64
UK,2019,:,Y55-64
AL,2019,:,Y_GE65
AT,2019,:,Y_GE65
BE,2019,:,Y_GE65
BG,2019,-12.1,Y_GE65
CH,2019,28.3,Y_GE65
CY,2019,25.6,Y_GE65
CZ,2019,13.2,Y_GE65
DE,2019,:,Y_GE65
DK,2019,9.4,Y_GE65
EE,2019,:,Y_GE65
EL,2019,:,Y_GE65
ES,2019,32.5,Y_GE65
FI,2019,24,Y_GE65
FR,2019,26.3,Y_GE65
HR,2019,5.2,Y_GE65
HU,2019,18.7,Y_GE65
IE,2019,:,Y_GE65
IS,2019,19,Y_GE65
IT,2019,12.7,Y_GE65
LT,2019,9.8,Y_GE65
LU,2019,:,Y_GE65
LV,2019,14,Y_GE65
ME,2019,:,Y_GE65
MK,2019,:,Y_GE65
MT,2019,12,Y_GE65
NL,2019,13.8,Y_GE65
NO,2019,15.9,Y_GE65
PL,2019,5.7,Y_GE65
PT,2019,27.8,Y_GE65
RO,2019,-17.8,Y_GE65
RS,2019,:,Y_GE65
SE,2019,11.7,Y_GE65
SI,2019,5.1,Y_GE65
SK,2019,11.7,Y_GE65
TR,2019,:,Y_GE65
UK,2019,:,Y_GE65
AL,2019,:,Y_LT25
AT,2019,:,Y_LT25
BE,2019,0.9,Y_LT25
BG,2019,8.2,Y_LT25
CH,2019,4,Y_LT25
CY,2019,13.9,Y_LT25
CZ,2019,9.5,Y_LT25
DE,2019,:,Y_LT25
DK,2019,4.4,Y_LT25
EE,2019,:,Y_LT25
EL,2019,:,Y_LT25
ES,2019,-3,Y_LT25
FI,2019,5.9,Y_LT25
FR,2019,3.7,Y_LT25
HR,2019,4.3,Y_LT25
HU,2019,8.1,Y_LT25
IE,2019,:,Y_LT25
IS,2019,1.9,Y_LT25
IT,2019,3.6,Y_LT25
LT,2019,11.3,Y_LT25
LU,2019,:,Y_LT25
LV,2019,10.6,Y_LT25
ME,2019,:,Y_LT25
MK,2019,:,Y_LT25
MT,2019,4.2,Y_LT25
NL,2019,2.3,Y_LT25
NO,2019,0.7,Y_LT25
PL,2019,9,Y_LT25
PT,2019,6,Y_LT25
RO,2019,5.4,Y_LT25
RS,2019,:,Y_LT25
SE,2019,5.1,Y_LT25
SI,2019,9.1,Y_LT25
SK,2019,10.4,Y_LT25
TR,2019,:,Y_LT25
UK,2019,:,Y_LT25
AL,2018,1.8,Y25-34
AT,2018,13,Y25-34
BE,2018,3.4,Y25-34
BG,2018,15.8,Y25-34
CH,2018,7.4,Y25-34
CY,2018,4.2,Y25-34
CZ,2018,13.6,Y25-34
DE,2018,9.9,Y25-34
DK,2018,11.1,Y25-34
EE,2018,19.8,Y25-34
EL,2018,1.6,Y25-34
ES,2018,4.6,Y25-34
FI,2018,10.1,Y25-34
FR,2018,10.7,Y25-34
HR,2018,8.9,Y25-34
HU,2018,11.4,Y25-34
IE,2018,5.7,Y25-34
IS,2018,6.8,Y25-34
IT,2018,5.8,Y25-34
LT,2018,13.1,Y25-34
LU,2018,-8.9,Y25-34
LV,2018,18.7,Y25-34
ME,2018,:,Y25-34
MK,2018,:,Y25-34
MT,2018,9.5,Y25-34
NL,2018,1.1,Y25-34
NO,2018,8,Y25-34
PL,2018,11,Y25-34
PT,2018,4.7,Y25-34
RO,2018,8.4,Y25-34
RS,2018,9.6,Y25-34
SE,2018,8,Y25-34
SI,2018,10.3,Y25-34
SK,2018,15.9,Y25-34
TR,2018,:,Y25-34
UK,2018,10,Y25-34
AL,2018,7.9,Y35-44
AT,2018,18.9,Y35-44
BE,2018,5.4,Y35-44
BG,2018,18.8,Y35-44
CH,2018,16.2,Y35-44
CY,2018,7.2,Y35-44
CZ,2018,25,Y35-44
DE,2018,18.7,Y35-44
DK,2018,16.1,Y35-44
EE,2018,25.7,Y35-44
EL,2018,9,Y35-44
ES,2018,9.7,Y35-44
FI,2018,17.4,Y35-44
FR,2018,13.5,Y35-44
HR,2018,12.7,Y35-44
HU,2018,20.3,Y35-44
IE,2018,15,Y35-44
IS,2018,16.2,Y35-44
IT,2018,4.8,Y35-44
LT,2018,18,Y35-44
LU,2018,-3.9,Y35-44
LV,2018,21.8,Y35-44
ME,2018,:,Y35-44
MK,2018,:,Y35-44
MT,2018,15.4,Y35-44
NL,2018,10.4,Y35-44
NO,2018,10.8,Y35-44
PL,2018,13.6,Y35-44
PT,2018,9.8,Y35-44
RO,2018,4.5,Y35-44
RS,2018,13,Y35-44
SE,2018,12.6,Y35-44
SI,2018,12,Y35-44
SK,2018,24,Y35-44
TR,2018,:,Y35-44
UK,2018,18.6,Y35-44
AL,2018,10.8,Y45-54
AT,2018,25.3,Y45-54
BE,2018,5.4,Y45-54
BG,2018,16.2,Y45-54
CH,2018,23.9,Y45-54
CY,2018,15.1,Y45-54
CZ,2018,22.8,Y45-54
DE,2018,25.6,Y45-54
DK,2018,18.4,Y45-54
EE,2018,22.4,Y45-54
EL,2018,9.8,Y45-54
ES,2018,13.8,Y45-54
FI,2018,20.7,Y45-54
FR,2018,19.6,Y45-54
HR,2018,18.5,Y45-54
HU,2018,14.7,Y45-54
IE,2018,10,Y45-54
IS,2018,20.2,Y45-54
IT,2018,7.5,Y45-54
LT,2018,10.9,Y45-54
LU,2018,6.6,Y45-54
LV,2018,17.5,Y45-54
ME,2018,:,Y45-54
MK,2018,:,Y45-54
MT,2018,15.9,Y45-54
NL,2018,21.5,Y45-54
NO,2018,16.5,Y45-54
PL,2018,8.2,Y45-54
PT,2018,13.7,Y45-54
RO,2018,-1.2,Y45-54
RS,2018,10.9,Y45-54
SE,2018,15.3,Y45-54
SI,2018,12,Y45-54
SK,2018,22.1,Y45-54
TR,2018,:,Y45-54
UK,2018,27.5,Y45-54
AL,2018,8.8,Y55-64
AT,2018,27.1,Y55-64
BE,2018,9.4,Y55-64
BG,2018,6.5,Y55-64
CH,2018,25.9,Y55-64
CY,2018,10.7,Y55-64
CZ,2018,13.9,Y55-64
DE,2018,27.3,Y55-64
DK,2018,17.1,Y55-64
EE,2018,17.3,Y55-64
EL,2018,15.3,Y55-64
ES,2018,18.2,Y55-64
FI,2018,21.5,Y55-64
FR,2018,22.6,Y55-64
HR,2018,8.7,Y55-64
HU,2018,8.5,Y55-64
IE,2018,20.2,Y55-64
IS,2018,20.1,Y55-64
IT,2018,9.2,Y55-64
LT,2018,11,Y55-64
LU,2018,11.4,Y55-64
LV,2018,15.4,Y55-64
ME,2018,:,Y55-64
MK,2018,:,Y55-64
MT,2018,13.1,Y55-64
NL,2018,23.1,Y55-64
NO,2018,19.9,Y55-64
PL,2018,0.1,Y55-64
PT,2018,9.4,Y55-64
RO,2018,-5.2,Y55-64
RS,2018,6.4,Y55-64
SE,2018,14.9,Y55-64
SI,2018,7.5,Y55-64
SK,2018,17.3,Y55-64
TR,2018,:,Y55-64
UK,2018,26.8,Y55-64
AL,2018,-1.7,Y_GE65
AT,2018,33.5,Y_GE65
BE,2018,:,Y_GE65
BG,2018,-12.3,Y_GE65
CH,2018,28.1,Y_GE65
CY,2018,26.2,Y_GE65
CZ,2018,17.1,Y_GE65
DE,2018,15.2,Y_GE65
DK,2018,11.3,Y_GE65
EE,2018,9.2,Y_GE65
EL,2018,34.5,Y_GE65
ES,2018,34.3,Y_GE65
FI,2018,25.1,Y_GE65
FR,2018,27.8,Y_GE65
HR,2018,6.9,Y_GE65
HU,2018,17.8,Y_GE65
IE,2018,34.9,Y_GE65
IS,2018,17.2,Y_GE65
IT,2018,10.9,Y_GE65
LT,2018,5.4,Y_GE65
LU,2018,33.3,Y_GE65
LV,2018,15.2,Y_GE65
ME,2018,:,Y_GE65
MK,2018,:,Y_GE65
MT,2018,12.9,Y_GE65
NL,2018,17.9,Y_GE65
NO,2018,20.2,Y_GE65
PL,2018,2.3,Y_GE65
PT,2018,29.7,Y_GE65
RO,2018,-16.8,Y_GE65
RS,2018,-10.9,Y_GE65
SE,2018,12.1,Y_GE65
SI,2018,2.7,Y_GE65
SK,2018,14.9,Y_GE65
TR,2018,:,Y_GE65
UK,2018,23.6,Y_GE65
AL,2018,0.3,Y_LT25
AT,2018,7.7,Y_LT25
BE,2018,1,Y_LT25
BG,2018,8,Y_LT25
CH,2018,4.1,Y_LT25
CY,2018,13.3,Y_LT25
CZ,2018,10.4,Y_LT25
DE,2018,6,Y_LT25
DK,2018,4.7,Y_LT25
EE,2018,12.2,Y_LT25
EL,2018,4.2,Y_LT25
ES,2018,1.7,Y_LT25
FI,2018,4.9,Y_LT25
FR,2018,3.5,Y_LT25
HR,2018,3.5,Y_LT25
HU,2018,7.9,Y_LT25
IE,2018,-5.3,Y_LT25
IS,2018,0.2,Y_LT25
IT,2018,4.9,Y_LT25
LT,2018,13.3,Y_LT25
LU,2018,-6.1,Y_LT25
LV,2018,10.3,Y_LT25
ME,2018,:,Y_LT25
MK,2018,:,Y_LT25
MT,2018,2.6,Y_LT25
NL,2018,-0.5,Y_LT25
NO,2018,1.1,Y_LT25
PL,2018,9.8,Y_LT25
PT,2018,3.1,Y_LT25
RO,2018,5.6,Y_LT25
RS,2018,5.4,Y_LT25
SE,2018,6,Y_LT25
SI,2018,9.8,Y_LT25
SK,2018,12.3,Y_LT25
TR,2018,:,Y_LT25
UK,2018,5.3,Y_LT25
AL,2017,:,Y25-34
AT,2017,:,Y25-34
BE,2017,2.7,Y25-34
BG,2017,15.5,Y25-34
CH,2017,9.1,Y25-34
CY,2017,2.9,Y25-34
CZ,2017,13.6,Y25-34
DE,2017,:,Y25-34
DK,2017,10.8,Y25-34
EE,2017,:,Y25-34
EL,2017,:,Y25-34
ES,2017,5,Y25-34
FI,2017,10.9,Y25-34
FR,2017,10.1,Y25-34
HR,2017,9.3,Y25-34
HU,2017,12.4,Y25-34
IE,2017,3,Y25-34
IS,2017,7,Y25-34
IT,2017,4.3,Y25-34
LT,2017,14.5,Y25-34
LU,2017,:,Y25-34
LV,2017,18.8,Y25-34
ME,2017,:,Y25-34
MK,2017,:,Y25-34
MT,2017,7.9,Y25-34
NL,2017,0.8,Y25-34
NO,2017,7.9,Y25-34
PL,2017,8.4,Y25-34
PT,2017,5.4,Y25-34
RO,2017,6.6,Y25-34
RS,2017,:,Y25-34
SE,2017,8.4,Y25-34
SI,2017,8.7,Y25-34
SK,2017,15.7,Y25-34
TR,2017,:,Y25-34
UK,2017,11.6,Y25-34
AL,2017,:,Y35-44
AT,2017,:,Y35-44
BE,2017,5.3,Y35-44
BG,2017,19.3,Y35-44
CH,2017,17.7,Y35-44
CY,2017,7.6,Y35-44
CZ,2017,26.2,Y35-44
DE,2017,:,Y35-44
DK,2017,16.1,Y35-44
EE,2017,:,Y35-44
EL,2017,:,Y35-44
ES,2017,10.4,Y35-44
FI,2017,18.1,Y35-44
FR,2017,13.3,Y35-44
HR,2017,14,Y35-44
HU,2017,21.2,Y35-44
IE,2017,13,Y35-44
IS,2017,18,Y35-44
IT,2017,6.2,Y35-44
LT,2017,19.8,Y35-44
LU,2017,:,Y35-44
LV,2017,22.9,Y35-44
ME,2017,:,Y35-44
MK,2017,:,Y35-44
MT,2017,15.1,Y35-44
NL,2017,10.3,Y35-44
NO,2017,12,Y35-44
PL,2017,11.7,Y35-44
PT,2017,10.9,Y35-44
RO,2017,5.1,Y35-44
RS,2017,:,Y35-44
SE,2017,13.2,Y35-44
SI,2017,10.8,Y35-44
SK,2017,24.4,Y35-44
TR,2017,:,Y35-44
UK,2017,20.1,Y35-44
AL,2017,:,Y45-54
AT,2017,:,Y45-54
BE,2017,5.7,Y45-54
BG,2017,16.8,Y45-54
CH,2017,23.7,Y45-54
CY,2017,17.6,Y45-54
CZ,2017,23.4,Y45-54
DE,2017,:,Y45-54
DK,2017,18.4,Y45-54
EE,2017,:,Y45-54
EL,2017,:,Y45-54
ES,2017,15.8,Y45-54
FI,2017,20.2,Y45-54
FR,2017,19.4,Y45-54
HR,2017,18.7,Y45-54
HU,2017,18,Y45-54
IE,2017,23.1,Y45-54
IS,2017,21.8,Y45-54
IT,2017,8.6,Y45-54
LT,2017,12.9,Y45-54
LU,2017,:,Y45-54
LV,2017,18.1,Y45-54
ME,2017,:,Y45-54
MK,2017,:,Y45-54
MT,2017,14.2,Y45-54
NL,2017,21.4,Y45-54
NO,2017,17.1,Y45-54
PL,2017,6.9,Y45-54
PT,2017,15.3,Y45-54
RO,2017,0.3,Y45-54
RS,2017,:,Y45-54
SE,2017,15.5,Y45-54
SI,2017,11.5,Y45-54
SK,2017,22.5,Y45-54
TR,2017,:,Y45-54
UK,2017,27.9,Y45-54
AL,2017,:,Y55-64
AT,2017,:,Y55-64
BE,2017,10.9,Y55-64
BG,2017,6.7,Y55-64
CH,2017,25.3,Y55-64
CY,2017,14.4,Y55-64
CZ,2017,14.6,Y55-64
DE,2017,:,Y55-64
DK,2017,16.7,Y55-64
EE,2017,:,Y55-64
EL,2017,:,Y55-64
ES,2017,20.5,Y55-64
FI,2017,21.1,Y55-64
FR,2017,22.2,Y55-64
HR,2017,9.9,Y55-64
HU,2017,10.8,Y55-64
IE,2017,24.7,Y55-64
IS,2017,20.7,Y55-64
IT,2017,6.9,Y55-64
LT,2017,12.7,Y55-64
LU,2017,:,Y55-64
LV,2017,16.4,Y55-64
ME,2017,:,Y55-64
MK,2017,:,Y55-64
MT,2017,11.2,Y55-64
NL,2017,22.8,Y55-64
NO,2017,20.1,Y55-64
PL,2017,2.6,Y55-64
PT,2017,13.2,Y55-64
RO,2017,-3.2,Y55-64
RS,2017,:,Y55-64
SE,2017,15.3,Y55-64
SI,2017,7,Y55-64
SK,2017,17.1,Y55-64
TR,2017,:,Y55-64
UK,2017,28.7,Y55-64
AL,2017,:,Y_GE65
AT,2017,:,Y_GE65
BE,2017,:,Y_GE65
BG,2017,-8.5,Y_GE65
CH,2017,25.7,Y_GE65
CY,2017,36.6,Y_GE65
CZ,2017,19.7,Y_GE65
DE,2017,:,Y_GE65
DK,2017,10,Y_GE65
EE,2017,:,Y_GE65
EL,2017,:,Y_GE65
ES,2017,51.1,Y_GE65
FI,2017,23.2,Y_GE65
FR,2017,28.1,Y_GE65
HR,2017,8.5,Y_GE65
HU,2017,24.9,Y_GE65
IE,2017,26.7,Y_GE65
IS,2017,20,Y_GE65
IT,2017,:,Y_GE65
LT,2017,8.8,Y_GE65
LU,2017,:,Y_GE65
LV,2017,18.1,Y_GE65
ME,2017,:,Y_GE65
MK,2017,:,Y_GE65
MT,2017,10.8,Y_GE65
NL,2017,17.7,Y_GE65
NO,2017,19.7,Y_GE65
PL,2017,-17.9,Y_GE65
PT,2017,34.6,Y_GE65
RO,2017,-8.1,Y_GE65
RS,2017,:,Y_GE65
SE,2017,12.8,Y_GE65
SI,2017,6.1,Y_GE65
SK,2017,24.4,Y_GE65
TR,2017,:,Y_GE65
UK,2017,24.8,Y_GE65
AL,2017,:,Y_LT25
AT,2017,:,Y_LT25
BE,2017,0,Y_LT25
BG,2017,8,Y_LT25
CH,2017,4,Y_LT25
CY,2017,10.8,Y_LT25
CZ,2017,11.1,Y_LT25
DE,2017,:,Y_LT25
DK,2017,5.8,Y_LT25
EE,2017,:,Y_LT25
EL,2017,:,Y_LT25
ES,2017,4.1,Y_LT25
FI,2017,6.3,Y_LT25
FR,2017,1.7,Y_LT25
HR,2017,5,Y_LT25
HU,2017,3,Y_LT25
IE,2017,3,Y_LT25
IS,2017,0.5,Y_LT25
IT,2017,15.8,Y_LT25
LT,2017,13.3,Y_LT25
LU,2017,:,Y_LT25
LV,2017,11.5,Y_LT25
ME,2017,:,Y_LT25
MK,2017,:,Y_LT25
MT,2017,2.8,Y_LT25
NL,2017,0.6,Y_LT25
NO,2017,1.8,Y_LT25
PL,2017,7.1,Y_LT25
PT,2017,5,Y_LT25
RO,2017,3.9,Y_LT25
RS,2017,:,Y_LT25
SE,2017,5.6,Y_LT25
SI,2017,7.4,Y_LT25
SK,2017,12.8,Y_LT25
TR,2017,:,Y_LT25
UK,2017,6.4,Y_LT25
AL,2016,:,Y25-34
AT,2016,:,Y25-34
BE,2016,2.1,Y25-34
BG,2016,15.3,Y25-34
CH,2016,8.4,Y25-34
CY,2016,1.6,Y25-34
CZ,2016,13.4,Y25-34
DE,2016,:,Y25-34
DK,2016,10.9,Y25-34
EE,2016,:,Y25-34
EL,2016,:,Y25-34
ES,2016,6.7,Y25-34
FI,2016,11,Y25-34
FR,2016,9.5,Y25-34
HR,2016,7.3,Y25-34
HU,2016,10.5,Y25-34
IE,2016,2,Y25-34
IS,2016,7.1,Y25-34
IT,2016,5.1,Y25-34
LT,2016,17,Y25-34
LU,2016,:,Y25-34
LV,2016,17.2,Y25-34
ME,2016,:,Y25-34
MK,2016,:,Y25-34
MT,2016,8.2,Y25-34
NL,2016,0.8,Y25-34
NO,2016,8.2,Y25-34
PL,2016,8.6,Y25-34
PT,2016,5.7,Y25-34
RO,2016,4.8,Y25-34
RS,2016,:,Y25-34
SE,2016,8.6,Y25-34
SI,2016,7.6,Y25-34
SK,2016,13.4,Y25-34
TR,2016,:,Y25-34
UK,2016,11,Y25-34
AL,2016,:,Y35-44
AT,2016,:,Y35-44
BE,2016,5.4,Y35-44
BG,2016,19.8,Y35-44
CH,2016,17,Y35-44
CY,2016,8.4,Y35-44
CZ,2016,27.1,Y35-44
DE,2016,:,Y35-44
DK,2016,16.3,Y35-44
EE,2016,:,Y35-44
EL,2016,:,Y35-44
ES,2016,11.9,Y35-44
FI,2016,18.5,Y35-44
FR,2016,13.1,Y35-44
HR,2016,11.9,Y35-44
HU,2016,19.7,Y35-44
IE,2016,12.9,Y35-44
IS,2016,18.1,Y35-44
IT,2016,5.7,Y35-44
LT,2016,19.4,Y35-44
LU,2016,:,Y35-44
LV,2016,23.5,Y35-44
ME,2016,:,Y35-44
MK,2016,:,Y35-44
MT,2016,15.3,Y35-44
NL,2016,10.4,Y35-44
NO,2016,13.4,Y35-44
PL,2016,11.8,Y35-44
PT,2016,12.6,Y35-44
RO,2016,5.6,Y35-44
RS,2016,:,Y35-44
SE,2016,14.8,Y35-44
SI,2016,10.6,Y35-44
SK,2016,24.2,Y35-44
TR,2016,:,Y35-44
UK,2016,21.6,Y35-44
AL,2016,:,Y45-54
AT,2016,:,Y45-54
BE,2016,6.3,Y45-54
BG,2016,17.3,Y45-54
CH,2016,23.1,Y45-54
CY,2016,20.1,Y45-54
CZ,2016,23.5,Y45-54
DE,2016,:,Y45-54
DK,2016,18.5,Y45-54
EE,2016,:,Y45-54
EL,2016,:,Y45-54
ES,2016,16.8,Y45-54
FI,2016,20.2,Y45-54
FR,2016,19.1,Y45-54
HR,2016,15.5,Y45-54
HU,2016,15.8,Y45-54
IE,2016,23.3,Y45-54
IS,2016,23.5,Y45-54
IT,2016,6.4,Y45-54
LT,2016,10.9,Y45-54
LU,2016,:,Y45-54
LV,2016,17.2,Y45-54
ME,2016,:,Y45-54
MK,2016,:,Y45-54
MT,2016,14.9,Y45-54
NL,2016,21.2,Y45-54
NO,2016,18,Y45-54
PL,2016,6.9,Y45-54
PT,2016,21.3,Y45-54
RO,2016,1.8,Y45-54
RS,2016,:,Y45-54
SE,2016,16,Y45-54
SI,2016,11.9,Y45-54
SK,2016,22,Y45-54
TR,2016,:,Y45-54
UK,2016,27.9,Y45-54
AL,2016,:,Y55-64
AT,2016,:,Y55-64
BE,2016,12.4,Y55-64
BG,2016,6.9,Y55-64
CH,2016,24.5,Y55-64
CY,2016,19.8,Y55-64
CZ,2016,15.2,Y55-64
DE,2016,:,Y55-64
DK,2016,16.3,Y55-64
EE,2016,:,Y55-64
EL,2016,:,Y55-64
ES,2016,22.6,Y55-64
FI,2016,21.6,Y55-64
FR,2016,21.7,Y55-64
HR,2016,7.1,Y55-64
HU,2016,7.7,Y55-64
IE,2016,25,Y55-64
IS,2016,21,Y55-64
IT,2016,5.7,Y55-64
LT,2016,10.4,Y55-64
LU,2016,:,Y55-64
LV,2016,16.2,Y55-64
ME,2016,:,Y55-64
MK,2016,:,Y55-64
MT,2016,10.2,Y55-64
NL,2016,22.5,Y55-64
NO,2016,20.7,Y55-64
PL,2016,2.5,Y55-64
PT,2016,16.3,Y55-64
RO,2016,-1.2,Y55-64
RS,2016,:,Y55-64
SE,2016,16,Y55-64
SI,2016,6.1,Y55-64
SK,2016,16.8,Y55-64
TR,2016,:,Y55-64
UK,2016,26.4,Y55-64
AL,2016,:,Y_GE65
AT,2016,:,Y_GE65
BE,2016,:,Y_GE65
BG,2016,-4.7,Y_GE65
CH,2016,27.6,Y_GE65
CY,2016,38.9,Y_GE65
CZ,2016,20.7,Y_GE65
DE,2016,:,Y_GE65
DK,2016,11.5,Y_GE65
EE,2016,:,Y_GE65
EL,2016,:,Y_GE65
ES,2016,43.9,Y_GE65
FI,2016,25.1,Y_GE65
FR,2016,28.5,Y_GE65
HR,2016,7.6,Y_GE65
HU,2016,22.3,Y_GE65
IE,2016,27.1,Y_GE65
IS,2016,20.6,Y_GE65
IT,2016,:,Y_GE65
LT,2016,9.9,Y_GE65
LU,2016,:,Y_GE65
LV,2016,19.1,Y_GE65
ME,2016,:,Y_GE65
MK,2016,:,Y_GE65
MT,2016,24.1,Y_GE65
NL,2016,17.7,Y_GE65
NO,2016,19.6,Y_GE65
PL,2016,-16.5,Y_GE65
PT,2016,38.1,Y_GE65
RO,2016,0.3,Y_GE65
RS,2016,:,Y_GE65
SE,2016,14.8,Y_GE65
SI,2016,6.6,Y_GE65
SK,2016,20.6,Y_GE65
TR,2016,:,Y_GE65
UK,2016,26.2,Y_GE65
AL,2016,:,Y_LT25
AT,2016,:,Y_LT25
BE,2016,-0.8,Y_LT25
BG,2016,8,Y_LT25
CH,2016,3.8,Y_LT25
CY,2016,8.4,Y_LT25
CZ,2016,11.3,Y_LT25
DE,2016,:,Y_LT25
DK,2016,6.2,Y_LT25
EE,2016,:,Y_LT25
EL,2016,:,Y_LT25
ES,2016,4.7,Y_LT25
FI,2016,5,Y_LT25
FR,2016,-0.2,Y_LT25
HR,2016,4.4,Y_LT25
HU,2016,3.7,Y_LT25
IE,2016,3,Y_LT25
IS,2016,2.2,Y_LT25
IT,2016,16,Y_LT25
LT,2016,14.6,Y_LT25
LU,2016,:,Y_LT25
LV,2016,11.6,Y_LT25
ME,2016,:,Y_LT25
MK,2016,:,Y_LT25
MT,2016,2.7,Y_LT25
NL,2016,2.1,Y_LT25
NO,2016,1.7,Y_LT25
PL,2016,7.3,Y_LT25
PT,2016,3.4,Y_LT25
RO,2016,2.2,Y_LT25
RS,2016,:,Y_LT25
SE,2016,4.8,Y_LT25
SI,2016,7.7,Y_LT25
SK,2016,11.1,Y_LT25
TR,2016,:,Y_LT25
UK,2016,5.1,Y_LT25
AL,2015,:,Y25-34
AT,2015,:,Y25-34
BE,2015,1.7,Y25-34
BG,2015,15.6,Y25-34
CH,2015,8.5,Y25-34
CY,2015,0.3,Y25-34
CZ,2015,13.3,Y25-34
DE,2015,:,Y25-34
DK,2015,11.1,Y25-34
EE,2015,:,Y25-34
EL,2015,:,Y25-34
ES,2015,7,Y25-34
FI,2015,10.9,Y25-34
FR,2015,8.9,Y25-34
HR,2015,:,Y25-34
HU,2015,9.1,Y25-34
IE,2015,0.4,Y25-34
IS,2015,9.8,Y25-34
IT,2015,4.8,Y25-34
LT,2015,16.5,Y25-34
LU,2015,:,Y25-34
LV,2015,16.4,Y25-34
ME,2015,:,Y25-34
MK,2015,:,Y25-34
MT,2015,7.6,Y25-34
NL,2015,1.1,Y25-34
NO,2015,9.5,Y25-34
PL,2015,9.2,Y25-34
PT,2015,7.2,Y25-34
RO,2015,2.9,Y25-34
RS,2015,:,Y25-34
SE,2015,9.5,Y25-34
SI,2015,7.4,Y25-34
SK,2015,14.5,Y25-34
TR,2015,:,Y25-34
UK,2015,9.7,Y25-34
AL,2015,:,Y35-44
AT,2015,:,Y35-44
BE,2015,5.6,Y35-44
BG,2015,20.9,Y35-44
CH,2015,17.5,Y35-44
CY,2015,9.4,Y35-44
CZ,2015,28.1,Y35-44
DE,2015,:,Y35-44
DK,2015,16.6,Y35-44
EE,2015,:,Y35-44
EL,2015,:,Y35-44
ES,2015,10.1,Y35-44
FI,2015,18.7,Y35-44
FR,2015,12.9,Y35-44
HR,2015,:,Y35-44
HU,2015,19.2,Y35-44
IE,2015,12.8,Y35-44
IS,2015,18.6,Y35-44
IT,2015,5.6,Y35-44
LT,2015,20,Y35-44
LU,2015,:,Y35-44
LV,2015,24,Y35-44
ME,2015,:,Y35-44
MK,2015,:,Y35-44
MT,2015,14.4,Y35-44
NL,2015,10.9,Y35-44
NO,2015,15.6,Y35-44
PL,2015,12.5,Y35-44
PT,2015,13.9,Y35-44
RO,2015,6.1,Y35-44
RS,2015,:,Y35-44
SE,2015,15.6,Y35-44
SI,2015,10.6,Y35-44
SK,2015,24.6,Y35-44
TR,2015,:,Y35-44
UK,2015,21.4,Y35-44
AL,2015,:,Y45-54
AT,2015,:,Y45-54
BE,2015,7.1,Y45-54
BG,2015,18.5,Y45-54
CH,2015,23.3,Y45-54
CY,2015,22.4,Y45-54
CZ,2015,24.5,Y45-54
DE,2015,:,Y45-54
DK,2015,18.4,Y45-54
EE,2015,:,Y45-54
EL,2015,:,Y45-54
ES,2015,16.6,Y45-54
FI,2015,20.2,Y45-54
FR,2015,18.9,Y45-54
HR,2015,:,Y45-54
HU,2015,16.2,Y45-54
IE,2015,23.8,Y45-54
IS,2015,26.7,Y45-54
IT,2015,7.4,Y45-54
LT,2015,11.3,Y45-54
LU,2015,:,Y45-54
LV,2015,17.1,Y45-54
ME,2015,:,Y45-54
MK,2015,:,Y45-54
MT,2015,14.7,Y45-54
NL,2015,21.4,Y45-54
NO,2015,19.6,Y45-54
PL,2015,6.1,Y45-54
PT,2015,22.8,Y45-54
RO,2015,3.4,Y45-54
RS,2015,:,Y45-54
SE,2015,17,Y45-54
SI,2015,11.6,Y45-54
SK,2015,22.2,Y45-54
TR,2015,:,Y45-54
UK,2015,29,Y45-54
AL,2015,:,Y55-64
AT,2015,:,Y55-64
BE,2015,14.2,Y55-64
BG,2015,7.5,Y55-64
CH,2015,24.5,Y55-64
CY,2015,23.8,Y55-64
CZ,2015,15.9,Y55-64
DE,2015,:,Y55-64
DK,2015,16.5,Y55-64
EE,2015,:,Y55-64
EL,2015,:,Y55-64
ES,2015,22.7,Y55-64
FI,2015,22.1,Y55-64
FR,2015,21.4,Y55-64
HR,2015,:,Y55-64
HU,2015,9.4,Y55-64
IE,2015,25.5,Y55-64
IS,2015,22.9,Y55-64
IT,2015,6.3,Y55-64
LT,2015,11.4,Y55-64
LU,2015,:,Y55-64
LV,2015,16.2,Y55-64
ME,2015,:,Y55-64
MK,2015,:,Y55-64
MT,2015,9.7,Y55-64
NL,2015,22.3,Y55-64
NO,2015,21.9,Y55-64
PL,2015,4.3,Y55-64
PT,2015,19.8,Y55-64
RO,2015,0.8,Y55-64
RS,2015,:,Y55-64
SE,2015,16.1,Y55-64
SI,2015,5.7,Y55-64
SK,2015,17.6,Y55-64
TR,2015,:,Y55-64
UK,2015,26.2,Y55-64
AL,2015,:,Y_GE65
AT,2015,:,Y_GE65
BE,2015,14.4,Y_GE65
BG,2015,-0.2,Y_GE65
CH,2015,29.9,Y_GE65
CY,2015,47.7,Y_GE65
CZ,2015,23.6,Y_GE65
DE,2015,:,Y_GE65
DK,2015,11.6,Y_GE65
EE,2015,:,Y_GE65
EL,2015,:,Y_GE65
ES,2015,48.2,Y_GE65
FI,2015,24.4,Y_GE65
FR,2015,28.8,Y_GE65
HR,2015,:,Y_GE65
HU,2015,19.2,Y_GE65
IE,2015,27.5,Y_GE65
IS,2015,22.3,Y_GE65
IT,2015,:,Y_GE65
LT,2015,12.3,Y_GE65
LU,2015,:,Y_GE65
LV,2015,17.8,Y_GE65
ME,2015,:,Y_GE65
MK,2015,:,Y_GE65
MT,2015,21.1,Y_GE65
NL,2015,18.7,Y_GE65
NO,2015,21.1,Y_GE65
PL,2015,-10.7,Y_GE65
PT,2015,41,Y_GE65
RO,2015,8.9,Y_GE65
RS,2015,:,Y_GE65
SE,2015,16.6,Y_GE65
SI,2015,3.6,Y_GE65
SK,2015,20.5,Y_GE65
TR,2015,:,Y_GE65
UK,2015,28.4,Y_GE65
AL,2015,:,Y_LT25
AT,2015,:,Y_LT25
BE,2015,-1.4,Y_LT25
BG,2015,8.4,Y_LT25
CH,2015,4.3,Y_LT25
CY,2015,6,Y_LT25
CZ,2015,12,Y_LT25
DE,2015,:,Y_LT25
DK,2015,5.9,Y_LT25
EE,2015,:,Y_LT25
EL,2015,:,Y_LT25
ES,2015,9.2,Y_LT25
FI,2015,3.7,Y_LT25
FR,2015,-2,Y_LT25
HR,2015,:,Y_LT25
HU,2015,3.3,Y_LT25
IE,2015,2.9,Y_LT25
IS,2015,3,Y_LT25
IT,2015,10.7,Y_LT25
LT,2015,14.2,Y_LT25
LU,2015,:,Y_LT25
LV,2015,12.2,Y_LT25
ME,2015,:,Y_LT25
MK,2015,:,Y_LT25
MT,2015,0.6,Y_LT25
NL,2015,2.2,Y_LT25
NO,2015,2.4,Y_LT25
PL,2015,8,Y_LT25
PT,2015,6.8,Y_LT25
RO,2015,0.6,Y_LT25
RS,2015,:,Y_LT25
SE,2015,6.2,Y_LT25
SI,2015,8.2,Y_LT25
SK,2015,12.3,Y_LT25
TR,2015,:,Y_LT25
UK,2015,6.5,Y_LT25
AL,2014,:,Y25-34
AT,2014,14.1,Y25-34
BE,2014,1.1,Y25-34
BG,2014,13.7,Y25-34
CH,2014,7.6,Y25-34
CY,2014,-0.9,Y25-34
CZ,2014,12.9,Y25-34
DE,2014,11.9,Y25-34
DK,2014,11.7,Y25-34
EE,2014,:,Y25-34
EL,2014,2.1,Y25-34
ES,2014,6.6,Y25-34
FI,2014,11.6,Y25-34
FR,2014,8.4,Y25-34
HR,2014,1.7,Y25-34
HU,2014,10.2,Y25-34
IE,2014,2.5,Y25-34
IS,2014,9.6,Y25-34
IT,2014,6.2,Y25-34
LT,2014,13.1,Y25-34
LU,2014,-5,Y25-34
LV,2014,14.7,Y25-34
ME,2014,1.8,Y25-34
MK,2014,5.3,Y25-34
MT,2014,5.8,Y25-34
NL,2014,-0.8,Y25-34
NO,2014,8.3,Y25-34
PL,2014,9.8,Y25-34
PT,2014,5.3,Y25-34
RO,2014,1.1,Y25-34
RS,2014,6.9,Y25-34
SE,2014,9.2,Y25-34
SI,2014,6.3,Y25-34
SK,2014,13.2,Y25-34
TR,2014,-12.3,Y25-34
UK,2014,8.5,Y25-34
AL,2014,:,Y35-44
AT,2014,22,Y35-44
BE,2014,5.7,Y35-44
BG,2014,19.9,Y35-44
CH,2014,15.7,Y35-44
CY,2014,10.8,Y35-44
CZ,2014,28.3,Y35-44
DE,2014,21.9,Y35-44
DK,2014,17.6,Y35-44
EE,2014,:,Y35-44
EL,2014,8.4,Y35-44
ES,2014,11.5,Y35-44
FI,2014,19.6,Y35-44
FR,2014,13.2,Y35-44
HR,2014,13.4,Y35-44
HU,2014,19.9,Y35-44
IE,2014,12,Y35-44
IS,2014,18.8,Y35-44
IT,2014,6.3,Y35-44
LT,2014,18.8,Y35-44
LU,2014,0.5,Y35-44
LV,2014,22.7,Y35-44
ME,2014,6.6,Y35-44
MK,2014,9,Y35-44
MT,2014,13.2,Y35-44
NL,2014,14.1,Y35-44
NO,2014,14.2,Y35-44
PL,2014,13.1,Y35-44
PT,2014,12,Y35-44
RO,2014,6.7,Y35-44
RS,2014,9.3,Y35-44
SE,2014,15.7,Y35-44
SI,2014,9.1,Y35-44
SK,2014,25.8,Y35-44
TR,2014,-6.8,Y35-44
UK,2014,21.5,Y35-44
AL,2014,:,Y45-54
AT,2014,26.7,Y45-54
BE,2014,7.6,Y45-54
BG,2014,17.5,Y45-54
CH,2014,22.5,Y45-54
CY,2014,25.1,Y45-54
CZ,2014,24.4,Y45-54
DE,2014,28.4,Y45-54
DK,2014,19.3,Y45-54
EE,2014,:,Y45-54
EL,2014,14.5,Y45-54
ES,2014,19,Y45-54
FI,2014,20.6,Y45-54
FR,2014,19.2,Y45-54
HR,2014,13.6,Y45-54
HU,2014,17.6,Y45-54
IE,2014,18.7,Y45-54
IS,2014,24.9,Y45-54
IT,2014,7.8,Y45-54
LT,2014,11.3,Y45-54
LU,2014,9.7,Y45-54
LV,2014,14.6,Y45-54
ME,2014,7.3,Y45-54
MK,2014,13.8,Y45-54
MT,2014,14,Y45-54
NL,2014,24.7,Y45-54
NO,2014,17.7,Y45-54
PL,2014,5.3,Y45-54
PT,2014,21.6,Y45-54
RO,2014,4.8,Y45-54
RS,2014,13.4,Y45-54
SE,2014,16.7,Y45-54
SI,2014,10.4,Y45-54
SK,2014,22.1,Y45-54
TR,2014,12.8,Y45-54
UK,2014,29.4,Y45-54
AL,2014,:,Y55-64
AT,2014,31.6,Y55-64
BE,2014,15.7,Y55-64
BG,2014,6,Y55-64
CH,2014,23.2,Y55-64
CY,2014,28.2,Y55-64
CZ,2014,16.3,Y55-64
DE,2014,27.7,Y55-64
DK,2014,17.2,Y55-64
EE,2014,:,Y55-64
EL,2014,17.5,Y55-64
ES,2014,21.1,Y55-64
FI,2014,22.8,Y55-64
FR,2014,21.3,Y55-64
HR,2014,6.5,Y55-64
HU,2014,11,Y55-64
IE,2014,24.6,Y55-64
IS,2014,21.9,Y55-64
IT,2014,7.2,Y55-64
LT,2014,10.6,Y55-64
LU,2014,16.7,Y55-64
LV,2014,14.4,Y55-64
ME,2014,14.6,Y55-64
MK,2014,7.7,Y55-64
MT,2014,9,Y55-64
NL,2014,25.1,Y55-64
NO,2014,20.1,Y55-64
PL,2014,6,Y55-64
PT,2014,17.2,Y55-64
RO,2014,2.8,Y55-64
RS,2014,2.7,Y55-64
SE,2014,16,Y55-64
SI,2014,3.3,Y55-64
SK,2014,18.3,Y55-64
TR,2014,-2.4,Y55-64
UK,2014,27,Y55-64
AL,2014,:,Y_GE65
AT,2014,31.7,Y_GE65
BE,2014,14.5,Y_GE65
BG,2014,1.8,Y_GE65
CH,2014,31.7,Y_GE65
CY,2014,52.9,Y_GE65
CZ,2014,25.5,Y_GE65
DE,2014,17,Y_GE65
DK,2014,13.4,Y_GE65
EE,2014,:,Y_GE65
EL,2014,4.8,Y_GE65
ES,2014,45.3,Y_GE65
FI,2014,26,Y_GE65
FR,2014,30.1,Y_GE65
HR,2014,23.6,Y_GE65
HU,2014,18.8,Y_GE65
IE,2014,28.4,Y_GE65
IS,2014,20.8,Y_GE65
IT,2014,37.6,Y_GE65
LT,2014,14.7,Y_GE65
LU,2014,30.8,Y_GE65
LV,2014,15.7,Y_GE65
ME,2014,12.4,Y_GE65
MK,2014,37.6,Y_GE65
MT,2014,20,Y_GE65
NL,2014,19.4,Y_GE65
NO,2014,17.5,Y_GE65
PL,2014,-4.9,Y_GE65
PT,2014,42.8,Y_GE65
RO,2014,18,Y_GE65
RS,2014,27,Y_GE65
SE,2014,13.4,Y_GE65
SI,2014,4.3,Y_GE65
SK,2014,17.7,Y_GE65
TR,2014,25.7,Y_GE65
UK,2014,26.2,Y_GE65
AL,2014,:,Y_LT25
AT,2014,8.7,Y_LT25
BE,2014,-2.3,Y_LT25
BG,2014,6.7,Y_LT25
CH,2014,4,Y_LT25
CY,2014,5.4,Y_LT25
CZ,2014,12.4,Y_LT25
DE,2014,5.9,Y_LT25
DK,2014,5.6,Y_LT25
EE,2014,:,Y_LT25
EL,2014,-0.2,Y_LT25
ES,2014,5.7,Y_LT25
FI,2014,4.3,Y_LT25
FR,2014,-3.8,Y_LT25
HR,2014,2.7,Y_LT25
HU,2014,8.2,Y_LT25
IE,2014,7.3,Y_LT25
IS,2014,2.6,Y_LT25
IT,2014,8.7,Y_LT25
LT,2014,10.5,Y_LT25
LU,2014,-4.4,Y_LT25
LV,2014,14,Y_LT25
ME,2014,4.6,Y_LT25
MK,2014,3.5,Y_LT25
MT,2014,0.5,Y_LT25
NL,2014,0.6,Y_LT25
NO,2014,4,Y_LT25
PL,2014,8.8,Y_LT25
PT,2014,7.2,Y_LT25
RO,2014,-1.1,Y_LT25
RS,2014,6.7,Y_LT25
SE,2014,5.3,Y_LT25
SI,2014,5.9,Y_LT25
SK,2014,11.5,Y_LT25
TR,2014,-2.9,Y_LT25
UK,2014,4.4,Y_LT25
AL,2013,:,Y25-34
AT,2013,:,Y25-34
BE,2013,1.7,Y25-34
BG,2013,13.2,Y25-34
CH,2013,7.8,Y25-34
CY,2013,-0.9,Y25-34
CZ,2013,12.5,Y25-34
DE,2013,:,Y25-34
DK,2013,12.1,Y25-34
EE,2013,:,Y25-34
EL,2013,:,Y25-34
ES,2013,9.9,Y25-34
FI,2013,13.1,Y25-34
FR,2013,8.9,Y25-34
HR,2013,-3.4,Y25-34
HU,2013,9.6,Y25-34
IE,2013,3,Y25-34
IS,2013,12.9,Y25-34
IT,2013,4.2,Y25-34
LT,2013,11.5,Y25-34
LU,2013,:,Y25-34
LV,2013,:,Y25-34
ME,2013,:,Y25-34
MK,2013,:,Y25-34
MT,2013,6.6,Y25-34
NL,2013,0,Y25-34
NO,2013,8.5,Y25-34
PL,2013,8.1,Y25-34
PT,2013,4.5,Y25-34
RO,2013,1.5,Y25-34
RS,2013,:,Y25-34
SE,2013,9.4,Y25-34
SI,2013,3.8,Y25-34
SK,2013,13.2,Y25-34
TR,2013,:,Y25-34
UK,2013,7.2,Y25-34
AL,2013,:,Y35-44
AT,2013,:,Y35-44
BE,2013,6.7,Y35-44
BG,2013,19.9,Y35-44
CH,2013,16,Y35-44
CY,2013,11.4,Y35-44
CZ,2013,28.5,Y35-44
DE,2013,:,Y35-44
DK,2013,18,Y35-44
EE,2013,:,Y35-44
EL,2013,:,Y35-44
ES,2013,15.9,Y35-44
FI,2013,19.8,Y35-44
FR,2013,13.6,Y35-44
HR,2013,9.3,Y35-44
HU,2013,21.3,Y35-44
IE,2013,12.1,Y35-44
IS,2013,22.5,Y35-44
IT,2013,9,Y35-44
LT,2013,17.5,Y35-44
LU,2013,:,Y35-44
LV,2013,:,Y35-44
ME,2013,:,Y35-44
MK,2013,:,Y35-44
MT,2013,12.2,Y35-44
NL,2013,14.3,Y35-44
NO,2013,15,Y35-44
PL,2013,12.2,Y35-44
PT,2013,11.4,Y35-44
RO,2013,7.6,Y35-44
RS,2013,:,Y35-44
SE,2013,16.7,Y35-44
SI,2013,8.9,Y35-44
SK,2013,24.3,Y35-44
TR,2013,:,Y35-44
UK,2013,22.1,Y35-44
AL,2013,:,Y45-54
AT,2013,:,Y45-54
BE,2013,8.7,Y45-54
BG,2013,17.6,Y45-54
CH,2013,22.6,Y45-54
CY,2013,25.7,Y45-54
CZ,2013,23.8,Y45-54
DE,2013,:,Y45-54
DK,2013,19.5,Y45-54
EE,2013,:,Y45-54
EL,2013,:,Y45-54
ES,2013,19.6,Y45-54
FI,2013,19.9,Y45-54
FR,2013,19.4,Y45-54
HR,2013,9,Y45-54
HU,2013,23.8,Y45-54
IE,2013,19.6,Y45-54
IS,2013,24.9,Y45-54
IT,2013,9.1,Y45-54
LT,2013,10.8,Y45-54
LU,2013,:,Y45-54
LV,2013,:,Y45-54
ME,2013,:,Y45-54
MK,2013,:,Y45-54
MT,2013,10.8,Y45-54
NL,2013,24.2,Y45-54
NO,2013,18.4,Y45-54
PL,2013,5.6,Y45-54
PT,2013,18.3,Y45-54
RO,2013,6.4,Y45-54
RS,2013,:,Y45-54
SE,2013,17.8,Y45-54
SI,2013,11.1,Y45-54
SK,2013,21.3,Y45-54
TR,2013,:,Y45-54
UK,2013,30.1,Y45-54
AL,2013,:,Y55-64
AT,2013,:,Y55-64
BE,2013,16.2,Y55-64
BG,2013,6.6,Y55-64
CH,2013,23.3,Y55-64
CY,2013,28.9,Y55-64
CZ,2013,16.6,Y55-64
DE,2013,:,Y55-64
DK,2013,17.4,Y55-64
EE,2013,:,Y55-64
EL,2013,:,Y55-64
ES,2013,23,Y55-64
FI,2013,23.1,Y55-64
FR,2013,21.6,Y55-64
HR,2013,1.3,Y55-64
HU,2013,19.1,Y55-64
IE,2013,22.7,Y55-64
IS,2013,23.4,Y55-64
IT,2013,5.2,Y55-64
LT,2013,9.4,Y55-64
LU,2013,:,Y55-64
LV,2013,:,Y55-64
ME,2013,:,Y55-64
MK,2013,:,Y55-64
MT,2013,5.5,Y55-64
NL,2013,24.1,Y55-64
NO,2013,20.6,Y55-64
PL,2013,6.9,Y55-64
PT,2013,15.4,Y55-64
RO,2013,4.3,Y55-64
RS,2013,:,Y55-64
SE,2013,17,Y55-64
SI,2013,4.7,Y55-64
SK,2013,17.6,Y55-64
TR,2013,:,Y55-64
UK,2013,26.2,Y55-64
AL,2013,:,Y_GE65
AT,2013,:,Y_GE65
BE,2013,12.3,Y_GE65
BG,2013,-2.5,Y_GE65
CH,2013,32,Y_GE65
CY,2013,46.1,Y_GE65
CZ,2013,23.9,Y_GE65
DE,2013,:,Y_GE65
DK,2013,13.2,Y_GE65
EE,2013,:,Y_GE65
EL,2013,:,Y_GE65
ES,2013,43.5,Y_GE65
FI,2013,22.9,Y_GE65
FR,2013,30.9,Y_GE65
HR,2013,13.7,Y_GE65
HU,2013,21.4,Y_GE65
IE,2013,25.1,Y_GE65
IS,2013,22.4,Y_GE65
IT,2013,:,Y_GE65
LT,2013,11.2,Y_GE65
LU,2013,:,Y_GE65
LV,2013,:,Y_GE65
ME,2013,:,Y_GE65
MK,2013,:,Y_GE65
MT,2013,17.8,Y_GE65
NL,2013,19.3,Y_GE65
NO,2013,18.3,Y_GE65
PL,2013,5.1,Y_GE65
PT,2013,36.7,Y_GE65
RO,2013,20.5,Y_GE65
RS,2013,:,Y_GE65
SE,2013,:,Y_GE65
SI,2013,-3.6,Y_GE65
SK,2013,14,Y_GE65
TR,2013,:,Y_GE65
UK,2013,27,Y_GE65
AL,2013,:,Y_LT25
AT,2013,:,Y_LT25
BE,2013,-0.8,Y_LT25
BG,2013,6.8,Y_LT25
CH,2013,4.3,Y_LT25
CY,2013,4.6,Y_LT25
CZ,2013,11.7,Y_LT25
DE,2013,:,Y_LT25
DK,2013,5.8,Y_LT25
EE,2013,:,Y_LT25
EL,2013,:,Y_LT25
ES,2013,7.3,Y_LT25
FI,2013,6.2,Y_LT25
FR,2013,-4.4,Y_LT25
HR,2013,0.2,Y_LT25
HU,2013,2.8,Y_LT25
IE,2013,4.8,Y_LT25
IS,2013,4.2,Y_LT25
IT,2013,12.5,Y_LT25
LT,2013,8.4,Y_LT25
LU,2013,:,Y_LT25
LV,2013,:,Y_LT25
ME,2013,:,Y_LT25
MK,2013,:,Y_LT25
MT,2013,1.1,Y_LT25
NL,2013,1.2,Y_LT25
NO,2013,4.8,Y_LT25
PL,2013,7.3,Y_LT25
PT,2013,8.6,Y_LT25
RO,2013,-0.4,Y_LT25
RS,2013,:,Y_LT25
SE,2013,5.4,Y_LT25
SI,2013,3.6,Y_LT25
SK,2013,9.5,Y_LT25
TR,2013,:,Y_LT25
UK,2013,5.5,Y_LT25
AL,2012,:,Y25-34
AT,2012,:,Y25-34
BE,2012,2.4,Y25-34
BG,2012,13.9,Y25-34
CH,2012,7.7,Y25-34
CY,2012,-0.8,Y25-34
CZ,2012,13.3,Y25-34
DE,2012,:,Y25-34
DK,2012,13.3,Y25-34
EE,2012,:,Y25-34
EL,2012,:,Y25-34
ES,2012,11.8,Y25-34
FI,2012,13.3,Y25-34
FR,2012,8.4,Y25-34
HR,2012,:,Y25-34
HU,2012,12.6,Y25-34
IE,2012,1.3,Y25-34
IS,2012,9.8,Y25-34
IT,2012,6.6,Y25-34
LT,2012,10.7,Y25-34
LU,2012,:,Y25-34
LV,2012,:,Y25-34
ME,2012,:,Y25-34
MK,2012,:,Y25-34
MT,2012,5.2,Y25-34
NL,2012,1.8,Y25-34
NO,2012,7.9,Y25-34
PL,2012,6.3,Y25-34
PT,2012,5.7,Y25-34
RO,2012,1.7,Y25-34
RS,2012,:,Y25-34
SE,2012,10,Y25-34
SI,2012,1.4,Y25-34
SK,2012,15.3,Y25-34
TR,2012,:,Y25-34
UK,2012,8.8,Y25-34
AL,2012,:,Y35-44
AT,2012,:,Y35-44
BE,2012,7.7,Y35-44
BG,2012,20.9,Y35-44
CH,2012,15.8,Y35-44
CY,2012,11.9,Y35-44
CZ,2012,29.2,Y35-44
DE,2012,:,Y35-44
DK,2012,18.5,Y35-44
EE,2012,:,Y35-44
EL,2012,:,Y35-44
ES,2012,15.9,Y35-44
FI,2012,20.4,Y35-44
FR,2012,13.3,Y35-44
HR,2012,:,Y35-44
HU,2012,25,Y35-44
IE,2012,11.9,Y35-44
IS,2012,22.1,Y35-44
IT,2012,7.4,Y35-44
LT,2012,17,Y35-44
LU,2012,:,Y35-44
LV,2012,:,Y35-44
ME,2012,:,Y35-44
MK,2012,:,Y35-44
MT,2012,11.4,Y35-44
NL,2012,15.2,Y35-44
NO,2012,14.8,Y35-44
PL,2012,11.2,Y35-44
PT,2012,13.8,Y35-44
RO,2012,8.5,Y35-44
RS,2012,:,Y35-44
SE,2012,17.4,Y35-44
SI,2012,7.5,Y35-44
SK,2012,26.9,Y35-44
TR,2012,:,Y35-44
UK,2012,25.6,Y35-44
AL,2012,:,Y45-54
AT,2012,:,Y45-54
BE,2012,9.8,Y45-54
BG,2012,18.8,Y45-54
CH,2012,22.5,Y45-54
CY,2012,27.3,Y45-54
CZ,2012,24,Y45-54
DE,2012,:,Y45-54
DK,2012,20,Y45-54
EE,2012,:,Y45-54
EL,2012,:,Y45-54
ES,2012,20.5,Y45-54
FI,2012,20.7,Y45-54
FR,2012,19.6,Y45-54
HR,2012,:,Y45-54
HU,2012,23.6,Y45-54
IE,2012,19.6,Y45-54
IS,2012,23,Y45-54
IT,2012,7.6,Y45-54
LT,2012,10.5,Y45-54
LU,2012,:,Y45-54
LV,2012,:,Y45-54
ME,2012,:,Y45-54
MK,2012,:,Y45-54
MT,2012,9.1,Y45-54
NL,2012,24.4,Y45-54
NO,2012,18.2,Y45-54
PL,2012,5.8,Y45-54
PT,2012,19.6,Y45-54
RO,2012,8,Y45-54
RS,2012,:,Y45-54
SE,2012,19.1,Y45-54
SI,2012,8.8,Y45-54
SK,2012,22.9,Y45-54
TR,2012,:,Y45-54
UK,2012,30.7,Y45-54
AL,2012,:,Y55-64
AT,2012,:,Y55-64
BE,2012,16.7,Y55-64
BG,2012,8.4,Y55-64
CH,2012,23.2,Y55-64
CY,2012,27.7,Y55-64
CZ,2012,16.9,Y55-64
DE,2012,:,Y55-64
DK,2012,17.8,Y55-64
EE,2012,:,Y55-64
EL,2012,:,Y55-64
ES,2012,24.2,Y55-64
FI,2012,23.6,Y55-64
FR,2012,22.1,Y55-64
HR,2012,:,Y55-64
HU,2012,17.8,Y55-64
IE,2012,23.4,Y55-64
IS,2012,22.3,Y55-64
IT,2012,5.7,Y55-64
LT,2012,9,Y55-64
LU,2012,:,Y55-64
LV,2012,:,Y55-64
ME,2012,:,Y55-64
MK,2012,:,Y55-64
MT,2012,4.6,Y55-64
NL,2012,24,Y55-64
NO,2012,19.9,Y55-64
PL,2012,7.8,Y55-64
PT,2012,19.2,Y55-64
RO,2012,5.7,Y55-64
RS,2012,:,Y55-64
SE,2012,17.4,Y55-64
SI,2012,0.4,Y55-64
SK,2012,19.4,Y55-64
TR,2012,:,Y55-64
UK,2012,27,Y55-64
AL,2012,:,Y_GE65
AT,2012,:,Y_GE65
BE,2012,10,Y_GE65
BG,2012,-5.6,Y_GE65
CH,2012,31.9,Y_GE65
CY,2012,38.9,Y_GE65
CZ,2012,26.6,Y_GE65
DE,2012,:,Y_GE65
DK,2012,13.7,Y_GE65
EE,2012,:,Y_GE65
EL,2012,:,Y_GE65
ES,2012,48.9,Y_GE65
FI,2012,22.6,Y_GE65
FR,2012,33.8,Y_GE65
HR,2012,:,Y_GE65
HU,2012,20.6,Y_GE65
IE,2012,28.4,Y_GE65
IS,2012,22.2,Y_GE65
IT,2012,:,Y_GE65
LT,2012,8.7,Y_GE65
LU,2012,:,Y_GE65
LV,2012,:,Y_GE65
ME,2012,:,Y_GE65
MK,2012,:,Y_GE65
MT,2012,16.1,Y_GE65
NL,2012,18,Y_GE65
NO,2012,18,Y_GE65
PL,2012,15.1,Y_GE65
PT,2012,38.7,Y_GE65
RO,2012,23,Y_GE65
RS,2012,:,Y_GE65
SE,2012,:,Y_GE65
SI,2012,-5.3,Y_GE65
SK,2012,19.3,Y_GE65
TR,2012,:,Y_GE65
UK,2012,30.7,Y_GE65
AL,2012,:,Y_LT25
AT,2012,:,Y_LT25
BE,2012,0.5,Y_LT25
BG,2012,7.8,Y_LT25
CH,2012,4.2,Y_LT25
CY,2012,5.1,Y_LT25
CZ,2012,9.8,Y_LT25
DE,2012,:,Y_LT25
DK,2012,6.3,Y_LT25
EE,2012,:,Y_LT25
EL,2012,:,Y_LT25
ES,2012,8.3,Y_LT25
FI,2012,6,Y_LT25
FR,2012,-5.7,Y_LT25
HR,2012,:,Y_LT25
HU,2012,4.5,Y_LT25
IE,2012,1.6,Y_LT25
IS,2012,3.8,Y_LT25
IT,2012,8.2,Y_LT25
LT,2012,7.4,Y_LT25
LU,2012,:,Y_LT25
LV,2012,:,Y_LT25
ME,2012,:,Y_LT25
MK,2012,:,Y_LT25
MT,2012,1,Y_LT25
NL,2012,1.7,Y_LT25
NO,2012,4.9,Y_LT25
PL,2012,5.8,Y_LT25
PT,2012,6.4,Y_LT25
RO,2012,0.4,Y_LT25
RS,2012,:,Y_LT25
SE,2012,5.9,Y_LT25
SI,2012,-0.5,Y_LT25
SK,2012,12.1,Y_LT25
TR,2012,:,Y_LT25
UK,2012,4.5,Y_LT25
AL,2011,:,Y25-34
AT,2011,:,Y25-34
BE,2011,3,Y25-34
BG,2011,11.6,Y25-34
CH,2011,7.8,Y25-34
CY,2011,-0.7,Y25-34
CZ,2011,14.2,Y25-34
DE,2011,:,Y25-34
DK,2011,12.8,Y25-34
EE,2011,:,Y25-34
EL,2011,:,Y25-34
ES,2011,10.4,Y25-34
FI,2011,13.3,Y25-34
FR,2011,8.8,Y25-34
HR,2011,:,Y25-34
HU,2011,8.9,Y25-34
IE,2011,1.7,Y25-34
IS,2011,11,Y25-34
IT,2011,6.6,Y25-34
LT,2011,9.8,Y25-34
LU,2011,:,Y25-34
LV,2011,:,Y25-34
ME,2011,:,Y25-34
MK,2011,:,Y25-34
MT,2011,3.5,Y25-34
NL,2011,3.2,Y25-34
NO,2011,9.6,Y25-34
PL,2011,5.6,Y25-34
PT,2011,6.2,Y25-34
RO,2011,2.2,Y25-34
RS,2011,:,Y25-34
SE,2011,9.9,Y25-34
SI,2011,-1.2,Y25-34
SK,2011,15.1,Y25-34
TR,2011,:,Y25-34
UK,2011,7.2,Y25-34
AL,2011,:,Y35-44
AT,2011,:,Y35-44
BE,2011,8.8,Y35-44
BG,2011,19.3,Y35-44
CH,2011,16,Y35-44
CY,2011,12.3,Y35-44
CZ,2011,30,Y35-44
DE,2011,:,Y35-44
DK,2011,18.6,Y35-44
EE,2011,:,Y35-44
EL,2011,:,Y35-44
ES,2011,15.4,Y35-44
FI,2011,20.5,Y35-44
FR,2011,13.7,Y35-44
HR,2011,:,Y35-44
HU,2011,23.2,Y35-44
IE,2011,13.3,Y35-44
IS,2011,22.1,Y35-44
IT,2011,5.7,Y35-44
LT,2011,16.5,Y35-44
LU,2011,:,Y35-44
LV,2011,:,Y35-44
ME,2011,:,Y35-44
MK,2011,:,Y35-44
MT,2011,10.2,Y35-44
NL,2011,16.1,Y35-44
NO,2011,16.1,Y35-44
PL,2011,10.1,Y35-44
PT,2011,13.8,Y35-44
RO,2011,9.4,Y35-44
RS,2011,:,Y35-44
SE,2011,17.5,Y35-44
SI,2011,5.9,Y35-44
SK,2011,26.2,Y35-44
TR,2011,:,Y35-44
UK,2011,22.7,Y35-44
AL,2011,:,Y45-54
AT,2011,:,Y45-54
BE,2011,10.8,Y45-54
BG,2011,17.4,Y45-54
CH,2011,22.6,Y45-54
CY,2011,28.1,Y45-54
CZ,2011,22.9,Y45-54
DE,2011,:,Y45-54
DK,2011,19.6,Y45-54
EE,2011,:,Y45-54
EL,2011,:,Y45-54
ES,2011,19.6,Y45-54
FI,2011,20.9,Y45-54
FR,2011,19.5,Y45-54
HR,2011,:,Y45-54
HU,2011,21.4,Y45-54
IE,2011,19.6,Y45-54
IS,2011,22.2,Y45-54
IT,2011,6.3,Y45-54
LT,2011,10.2,Y45-54
LU,2011,:,Y45-54
LV,2011,:,Y45-54
ME,2011,:,Y45-54
MK,2011,:,Y45-54
MT,2011,6.8,Y45-54
NL,2011,24.5,Y45-54
NO,2011,20.1,Y45-54
PL,2011,4.9,Y45-54
PT,2011,15.9,Y45-54
RO,2011,9.6,Y45-54
RS,2011,:,Y45-54
SE,2011,19.5,Y45-54
SI,2011,7,Y45-54
SK,2011,23,Y45-54
TR,2011,:,Y45-54
UK,2011,31.8,Y45-54
AL,2011,:,Y55-64
AT,2011,:,Y55-64
BE,2011,17.2,Y55-64
BG,2011,7.1,Y55-64
CH,2011,23.3,Y55-64
CY,2011,26.4,Y55-64
CZ,2011,16.3,Y55-64
DE,2011,:,Y55-64
DK,2011,17.6,Y55-64
EE,2011,:,Y55-64
EL,2011,:,Y55-64
ES,2011,22.9,Y55-64
FI,2011,23.5,Y55-64
FR,2011,22.5,Y55-64
HR,2011,:,Y55-64
HU,2011,18.4,Y55-64
IE,2011,23.1,Y55-64
IS,2011,22,Y55-64
IT,2011,3.4,Y55-64
LT,2011,8.6,Y55-64
LU,2011,:,Y55-64
LV,2011,:,Y55-64
ME,2011,:,Y55-64
MK,2011,:,Y55-64
MT,2011,2.9,Y55-64
NL,2011,24.1,Y55-64
NO,2011,21.5,Y55-64
PL,2011,5.7,Y55-64
PT,2011,17.8,Y55-64
RO,2011,7,Y55-64
RS,2011,:,Y55-64
SE,2011,17.7,Y55-64
SI,2011,-1.7,Y55-64
SK,2011,17,Y55-64
TR,2011,:,Y55-64
UK,2011,27.3,Y55-64
AL,2011,:,Y_GE65
AT,2011,:,Y_GE65
BE,2011,7.5,Y_GE65
BG,2011,-12.3,Y_GE65
CH,2011,32,Y_GE65
CY,2011,34.1,Y_GE65
CZ,2011,27.6,Y_GE65
DE,2011,:,Y_GE65
DK,2011,13.8,Y_GE65
EE,2011,:,Y_GE65
EL,2011,:,Y_GE65
ES,2011,51.9,Y_GE65
FI,2011,25.2,Y_GE65
FR,2011,34.2,Y_GE65
HR,2011,:,Y_GE65
HU,2011,21,Y_GE65
IE,2011,22.9,Y_GE65
IS,2011,19,Y_GE65
IT,2011,:,Y_GE65
LT,2011,6,Y_GE65
LU,2011,:,Y_GE65
LV,2011,:,Y_GE65
ME,2011,:,Y_GE65
MK,2011,:,Y_GE65
MT,2011,15,Y_GE65
NL,2011,18.5,Y_GE65
NO,2011,20.1,Y_GE65
PL,2011,10.3,Y_GE65
PT,2011,32.3,Y_GE65
RO,2011,25.6,Y_GE65
RS,2011,:,Y_GE65
SE,2011,:,Y_GE65
SI,2011,3.2,Y_GE65
SK,2011,17.9,Y_GE65
TR,2011,:,Y_GE65
UK,2011,28.7,Y_GE65
AL,2011,:,Y_LT25
AT,2011,:,Y_LT25
BE,2011,1.9,Y_LT25
BG,2011,5.9,Y_LT25
CH,2011,4.4,Y_LT25
CY,2011,6.3,Y_LT25
CZ,2011,8.7,Y_LT25
DE,2011,:,Y_LT25
DK,2011,5.6,Y_LT25
EE,2011,:,Y_LT25
EL,2011,:,Y_LT25
ES,2011,5.9,Y_LT25
FI,2011,6.5,Y_LT25
FR,2011,-6.6,Y_LT25
HR,2011,:,Y_LT25
HU,2011,4.1,Y_LT25
IE,2011,-1.4,Y_LT25
IS,2011,5.4,Y_LT25
IT,2011,5,Y_LT25
LT,2011,6.2,Y_LT25
LU,2011,:,Y_LT25
LV,2011,:,Y_LT25
ME,2011,:,Y_LT25
MK,2011,:,Y_LT25
MT,2011,0.6,Y_LT25
NL,2011,2.1,Y_LT25
NO,2011,6,Y_LT25
PL,2011,4.7,Y_LT25
PT,2011,6.2,Y_LT25
RO,2011,1,Y_LT25
RS,2011,:,Y_LT25
SE,2011,5.9,Y_LT25
SI,2011,-3.2,Y_LT25
SK,2011,10.1,Y_LT25
TR,2011,:,Y_LT25
UK,2011,4.9,Y_LT25
AL,2010,:,Y25-34
AT,2010,14.8,Y25-34
BE,2010,3.5,Y25-34
BG,2010,11.1,Y25-34
CH,2010,6.6,Y25-34
CY,2010,-0.6,Y25-34
CZ,2010,13.3,Y25-34
DE,2010,11.5,Y25-34
DK,2010,14.2,Y25-34
EE,2010,:,Y25-34
EL,2010,3,Y25-34
ES,2010,8.7,Y25-34
FI,2010,14.1,Y25-34
FR,2010,9,Y25-34
HR,2010,1.1,Y25-34
HU,2010,8.1,Y25-34
IE,2010,3.6,Y25-34
IS,2010,11.6,Y25-34
IT,2010,3.9,Y25-34
LT,2010,9,Y25-34
LU,2010,-3.2,Y25-34
LV,2010,15.8,Y25-34
ME,2010,:,Y25-34
MK,2010,:,Y25-34
MT,2010,5.1,Y25-34
NL,2010,4.3,Y25-34
NO,2010,9.7,Y25-34
PL,2010,4.8,Y25-34
PT,2010,6.1,Y25-34
RO,2010,2.6,Y25-34
RS,2010,:,Y25-34
SE,2010,10.2,Y25-34
SI,2010,-4,Y25-34
SK,2010,16.2,Y25-34
TR,2010,:,Y25-34
UK,2010,10.2,Y25-34
AL,2010,:,Y35-44
AT,2010,25.2,Y35-44
BE,2010,9.7,Y35-44
BG,2010,19.2,Y35-44
CH,2010,17.1,Y35-44
CY,2010,13,Y35-44
CZ,2010,29.7,Y35-44
DE,2010,23.6,Y35-44
DK,2010,19,Y35-44
EE,2010,:,Y35-44
EL,2010,10.9,Y35-44
ES,2010,13.1,Y35-44
FI,2010,21.3,Y35-44
FR,2010,13.7,Y35-44
HR,2010,10,Y35-44
HU,2010,22.9,Y35-44
IE,2010,14.1,Y35-44
IS,2010,20.4,Y35-44
IT,2010,4.8,Y35-44
LT,2010,17.2,Y35-44
LU,2010,6.5,Y35-44
LV,2010,18.6,Y35-44
ME,2010,:,Y35-44
MK,2010,:,Y35-44
MT,2010,10.2,Y35-44
NL,2010,16.4,Y35-44
NO,2010,16.5,Y35-44
PL,2010,9,Y35-44
PT,2010,15.6,Y35-44
RO,2010,10.5,Y35-44
RS,2010,:,Y35-44
SE,2010,16.9,Y35-44
SI,2010,3.9,Y35-44
SK,2010,27.5,Y35-44
TR,2010,:,Y35-44
UK,2010,26.6,Y35-44
AL,2010,:,Y45-54
AT,2010,28.5,Y45-54
BE,2010,11.9,Y45-54
BG,2010,17.5,Y45-54
CH,2010,22.4,Y45-54
CY,2010,29,Y45-54
CZ,2010,21.2,Y45-54
DE,2010,27.2,Y45-54
DK,2010,19.8,Y45-54
EE,2010,:,Y45-54
EL,2010,18.4,Y45-54
ES,2010,18.8,Y45-54
FI,2010,22.8,Y45-54
FR,2010,19.5,Y45-54
HR,2010,9.1,Y45-54
HU,2010,21.4,Y45-54
IE,2010,17.8,Y45-54
IS,2010,22.7,Y45-54
IT,2010,6.1,Y45-54
LT,2010,12.5,Y45-54
LU,2010,14.6,Y45-54
LV,2010,12.7,Y45-54
ME,2010,:,Y45-54
MK,2010,:,Y45-54
MT,2010,6.9,Y45-54
NL,2010,24.2,Y45-54
NO,2010,20.3,Y45-54
PL,2010,4,Y45-54
PT,2010,10.8,Y45-54
RO,2010,11.1,Y45-54
RS,2010,:,Y45-54
SE,2010,18.9,Y45-54
SI,2010,4.5,Y45-54
SK,2010,21.5,Y45-54
TR,2010,:,Y45-54
UK,2010,30.9,Y45-54
AL,2010,:,Y55-64
AT,2010,36.3,Y55-64
BE,2010,17.6,Y55-64
BG,2010,7.6,Y55-64
CH,2010,22.9,Y55-64
CY,2010,25.8,Y55-64
CZ,2010,15.2,Y55-64
DE,2010,27.5,Y55-64
DK,2010,18,Y55-64
EE,2010,:,Y55-64
EL,2010,19.1,Y55-64
ES,2010,23.7,Y55-64
FI,2010,25.5,Y55-64
FR,2010,22.7,Y55-64
HR,2010,-1.7,Y55-64
HU,2010,19.7,Y55-64
IE,2010,20.4,Y55-64
IS,2010,21.6,Y55-64
IT,2010,3.9,Y55-64
LT,2010,9.4,Y55-64
LU,2010,21.6,Y55-64
LV,2010,16.7,Y55-64
ME,2010,:,Y55-64
MK,2010,:,Y55-64
MT,2010,0.3,Y55-64
NL,2010,24.4,Y55-64
NO,2010,21.2,Y55-64
PL,2010,3.5,Y55-64
PT,2010,9.7,Y55-64
RO,2010,8.5,Y55-64
RS,2010,:,Y55-64
SE,2010,18.9,Y55-64
SI,2010,-6.6,Y55-64
SK,2010,13.5,Y55-64
TR,2010,:,Y55-64
UK,2010,26.9,Y55-64
AL,2010,:,Y_GE65
AT,2010,24.1,Y_GE65
BE,2010,:,Y_GE65
BG,2010,-16.8,Y_GE65
CH,2010,28.5,Y_GE65
CY,2010,28.7,Y_GE65
CZ,2010,30.8,Y_GE65
DE,2010,20.3,Y_GE65
DK,2010,14.1,Y_GE65
EE,2010,:,Y_GE65
EL,2010,17.8,Y_GE65
ES,2010,45.1,Y_GE65
FI,2010,29,Y_GE65
FR,2010,36.8,Y_GE65
HR,2010,-0.9,Y_GE65
HU,2010,19.9,Y_GE65
IE,2010,10.4,Y_GE65
IS,2010,18.4,Y_GE65
IT,2010,36.9,Y_GE65
LT,2010,4.8,Y_GE65
LU,2010,:,Y_GE65
LV,2010,16.9,Y_GE65
ME,2010,:,Y_GE65
MK,2010,:,Y_GE65
MT,2010,10,Y_GE65
NL,2010,11.6,Y_GE65
NO,2010,19.6,Y_GE65
PL,2010,5.4,Y_GE65
PT,2010,36.5,Y_GE65
RO,2010,28.1,Y_GE65
RS,2010,:,Y_GE65
SE,2010,19.8,Y_GE65
SI,2010,7.3,Y_GE65
SK,2010,6.7,Y_GE65
TR,2010,:,Y_GE65
UK,2010,28.1,Y_GE65
AL,2010,:,Y_LT25
AT,2010,8.6,Y_LT25
BE,2010,3,Y_LT25
BG,2010,5.8,Y_LT25
CH,2010,3.7,Y_LT25
CY,2010,6.2,Y_LT25
CZ,2010,7.6,Y_LT25
DE,2010,2.3,Y_LT25
DK,2010,5.3,Y_LT25
EE,2010,:,Y_LT25
EL,2010,-8,Y_LT25
ES,2010,4.8,Y_LT25
FI,2010,7,Y_LT25
FR,2010,-6.9,Y_LT25
HR,2010,6.3,Y_LT25
HU,2010,-1.1,Y_LT25
IE,2010,0.8,Y_LT25
IS,2010,4.5,Y_LT25
IT,2010,5.3,Y_LT25
LT,2010,9.8,Y_LT25
LU,2010,-6.2,Y_LT25
LV,2010,6.7,Y_LT25
ME,2010,:,Y_LT25
MK,2010,:,Y_LT25
MT,2010,-3.2,Y_LT25
NL,2010,-0.3,Y_LT25
NO,2010,6.5,Y_LT25
PL,2010,3.5,Y_LT25
PT,2010,4.9,Y_LT25
RO,2010,1.7,Y_LT25
RS,2010,:,Y_LT25
SE,2010,6.5,Y_LT25
SI,2010,-7.1,Y_LT25
SK,2010,7.3,Y_LT25
TR,2010,:,Y_LT25
UK,2010,7.4,Y_LT25
AL,2009,:,Y25-34
AT,2009,:,Y25-34
BE,2009,3.4,Y25-34
BG,2009,11.1,Y25-34
CH,2009,6.7,Y25-34
CY,2009,9.4,Y25-34
CZ,2009,18,Y25-34
DE,2009,:,Y25-34
DK,2009,13.8,Y25-34
EE,2009,:,Y25-34
EL,2009,:,Y25-34
ES,2009,10,Y25-34
FI,2009,14.8,Y25-34
FR,2009,7.9,Y25-34
HR,2009,:,Y25-34
HU,2009,8.9,Y25-34
IE,2009,3.3,Y25-34
IS,2009,11.4,Y25-34
IT,2009,2.7,Y25-34
LT,2009,13.9,Y25-34
LU,2009,-1.8,Y25-34
LV,2009,:,Y25-34
ME,2009,:,Y25-34
MK,2009,:,Y25-34
MT,2009,4.1,Y25-34
NL,2009,5.8,Y25-34
NO,2009,10,Y25-34
PL,2009,7.8,Y25-34
PT,2009,4.2,Y25-34
RO,2009,5.1,Y25-34
RS,2009,:,Y25-34
SE,2009,10.1,Y25-34
SI,2009,-5.5,Y25-34
SK,2009,17.5,Y25-34
TR,2009,:,Y25-34
UK,2009,7.6,Y25-34
AL,2009,:,Y35-44
AT,2009,:,Y35-44
BE,2009,9.7,Y35-44
BG,2009,19.4,Y35-44
CH,2009,18.1,Y35-44
CY,2009,23.6,Y35-44
CZ,2009,32.6,Y35-44
DE,2009,:,Y35-44
DK,2009,19,Y35-44
EE,2009,:,Y35-44
EL,2009,:,Y35-44
ES,2009,15.8,Y35-44
FI,2009,21.8,Y35-44
FR,2009,13.2,Y35-44
HR,2009,:,Y35-44
HU,2009,23,Y35-44
IE,2009,12.7,Y35-44
IS,2009,20.7,Y35-44
IT,2009,6.2,Y35-44
LT,2009,19.1,Y35-44
LU,2009,6.6,Y35-44
LV,2009,:,Y35-44
ME,2009,:,Y35-44
MK,2009,:,Y35-44
MT,2009,7.6,Y35-44
NL,2009,17.6,Y35-44
NO,2009,16.7,Y35-44
PL,2009,12,Y35-44
PT,2009,11.7,Y35-44
RO,2009,12.1,Y35-44
RS,2009,:,Y35-44
SE,2009,17.4,Y35-44
SI,2009,2.3,Y35-44
SK,2009,29.5,Y35-44
TR,2009,:,Y35-44
UK,2009,22.7,Y35-44
AL,2009,:,Y45-54
AT,2009,:,Y45-54
BE,2009,11.9,Y45-54
BG,2009,16.5,Y45-54
CH,2009,22.9,Y45-54
CY,2009,38.2,Y45-54
CZ,2009,27.1,Y45-54
DE,2009,:,Y45-54
DK,2009,19.4,Y45-54
EE,2009,:,Y45-54
EL,2009,:,Y45-54
ES,2009,18.8,Y45-54
FI,2009,23,Y45-54
FR,2009,20,Y45-54
HR,2009,:,Y45-54
HU,2009,20.4,Y45-54
IE,2009,19.5,Y45-54
IS,2009,23.3,Y45-54
IT,2009,4.1,Y45-54
LT,2009,16.4,Y45-54
LU,2009,14.9,Y45-54
LV,2009,:,Y45-54
ME,2009,:,Y45-54
MK,2009,:,Y45-54
MT,2009,7.7,Y45-54
NL,2009,24.8,Y45-54
NO,2009,21.1,Y45-54
PL,2009,8.1,Y45-54
PT,2009,9.9,Y45-54
RO,2009,7,Y45-54
RS,2009,:,Y45-54
SE,2009,18.9,Y45-54
SI,2009,3.3,Y45-54
SK,2009,23.9,Y45-54
TR,2009,:,Y45-54
UK,2009,27.4,Y45-54
AL,2009,:,Y55-64
AT,2009,:,Y55-64
BE,2009,17.6,Y55-64
BG,2009,8.7,Y55-64
CH,2009,24.1,Y55-64
CY,2009,37.3,Y55-64
CZ,2009,19.1,Y55-64
DE,2009,:,Y55-64
DK,2009,17.2,Y55-64
EE,2009,:,Y55-64
EL,2009,:,Y55-64
ES,2009,22.8,Y55-64
FI,2009,26.1,Y55-64
FR,2009,22.9,Y55-64
HR,2009,:,Y55-64
HU,2009,17.5,Y55-64
IE,2009,21.2,Y55-64
IS,2009,23.1,Y55-64
IT,2009,5.1,Y55-64
LT,2009,12.8,Y55-64
LU,2009,22.4,Y55-64
LV,2009,:,Y55-64
ME,2009,:,Y55-64
MK,2009,:,Y55-64
MT,2009,0.3,Y55-64
NL,2009,25.2,Y55-64
NO,2009,21.6,Y55-64
PL,2009,3.2,Y55-64
PT,2009,10.5,Y55-64
RO,2009,-3,Y55-64
RS,2009,:,Y55-64
SE,2009,19.2,Y55-64
SI,2009,-9.8,Y55-64
SK,2009,16.9,Y55-64
TR,2009,:,Y55-64
UK,2009,23.1,Y55-64
AL,2009,:,Y_GE65
AT,2009,:,Y_GE65
BE,2009,:,Y_GE65
BG,2009,-13.7,Y_GE65
CH,2009,27.5,Y_GE65
CY,2009,30.6,Y_GE65
CZ,2009,31,Y_GE65
DE,2009,:,Y_GE65
DK,2009,13.4,Y_GE65
EE,2009,:,Y_GE65
EL,2009,:,Y_GE65
ES,2009,:,Y_GE65
FI,2009,28,Y_GE65
FR,2009,28.3,Y_GE65
HR,2009,:,Y_GE65
HU,2009,20.5,Y_GE65
IE,2009,11.7,Y_GE65
IS,2009,18.9,Y_GE65
IT,2009,:,Y_GE65
LT,2009,8.4,Y_GE65
LU,2009,:,Y_GE65
LV,2009,:,Y_GE65
ME,2009,:,Y_GE65
MK,2009,:,Y_GE65
MT,2009,13.9,Y_GE65
NL,2009,10.8,Y_GE65
NO,2009,20.6,Y_GE65
PL,2009,15.3,Y_GE65
PT,2009,39.7,Y_GE65
RO,2009,8.7,Y_GE65
RS,2009,:,Y_GE65
SE,2009,0,Y_GE65
SI,2009,0,Y_GE65
SK,2009,17,Y_GE65
TR,2009,:,Y_GE65
UK,2009,27.2,Y_GE65
AL,2009,:,Y_LT25
AT,2009,:,Y_LT25
BE,2009,2.9,Y_LT25
BG,2009,6.5,Y_LT25
CH,2009,3.9,Y_LT25
CY,2009,7.8,Y_LT25
CZ,2009,10.3,Y_LT25
DE,2009,:,Y_LT25
DK,2009,4,Y_LT25
EE,2009,:,Y_LT25
EL,2009,:,Y_LT25
ES,2009,5.5,Y_LT25
FI,2009,7,Y_LT25
FR,2009,-4.2,Y_LT25
HR,2009,:,Y_LT25
HU,2009,-0.6,Y_LT25
IE,2009,-0.3,Y_LT25
IS,2009,3.4,Y_LT25
IT,2009,6.7,Y_LT25
LT,2009,10.2,Y_LT25
LU,2009,-5.8,Y_LT25
LV,2009,:,Y_LT25
ME,2009,:,Y_LT25
MK,2009,:,Y_LT25
MT,2009,-1.8,Y_LT25
NL,2009,0.7,Y_LT25
NO,2009,6.7,Y_LT25
PL,2009,6.5,Y_LT25
PT,2009,2.4,Y_LT25
RO,2009,1.9,Y_LT25
RS,2009,:,Y_LT25
SE,2009,5.3,Y_LT25
SI,2009,-10.6,Y_LT25
SK,2009,8.7,Y_LT25
TR,2009,:,Y_LT25
UK,2009,4.7,Y_LT25
AL,2008,:,Y25-34
AT,2008,:,Y25-34
BE,2008,3.6,Y25-34
BG,2008,10,Y25-34
CH,2008,6.8,Y25-34
CY,2008,11,Y25-34
CZ,2008,19.6,Y25-34
DE,2008,:,Y25-34
DK,2008,14.9,Y25-34
EE,2008,:,Y25-34
EL,2008,:,Y25-34
ES,2008,10.3,Y25-34
FI,2008,15.6,Y25-34
FR,2008,:,Y25-34
HR,2008,:,Y25-34
HU,2008,10.2,Y25-34
IE,2008,3,Y25-34
IS,2008,14.2,Y25-34
IT,2008,2.8,Y25-34
LT,2008,20.3,Y25-34
LU,2008,-0.4,Y25-34
LV,2008,:,Y25-34
ME,2008,:,Y25-34
MK,2008,:,Y25-34
MT,2008,3,Y25-34
NL,2008,6.8,Y25-34
NO,2008,11.1,Y25-34
PL,2008,10.8,Y25-34
PT,2008,4.7,Y25-34
RO,2008,5.2,Y25-34
RS,2008,:,Y25-34
SE,2008,11.6,Y25-34
SI,2008,-1.2,Y25-34
SK,2008,19.2,Y25-34
TR,2008,:,Y25-34
UK,2008,9.1,Y25-34
AL,2008,:,Y35-44
AT,2008,:,Y35-44
BE,2008,9.9,Y35-44
BG,2008,18.5,Y35-44
CH,2008,18.2,Y35-44
CY,2008,24.6,Y35-44
CZ,2008,32.7,Y35-44
DE,2008,:,Y35-44
DK,2008,19.7,Y35-44
EE,2008,:,Y35-44
EL,2008,:,Y35-44
ES,2008,15.8,Y35-44
FI,2008,21.8,Y35-44
FR,2008,:,Y35-44
HR,2008,:,Y35-44
HU,2008,24.3,Y35-44
IE,2008,15.1,Y35-44
IS,2008,25.1,Y35-44
IT,2008,5.8,Y35-44
LT,2008,25,Y35-44
LU,2008,6.8,Y35-44
LV,2008,:,Y35-44
ME,2008,:,Y35-44
MK,2008,:,Y35-44
MT,2008,8.6,Y35-44
NL,2008,18.4,Y35-44
NO,2008,17.5,Y35-44
PL,2008,15,Y35-44
PT,2008,11.8,Y35-44
RO,2008,12.2,Y35-44
RS,2008,:,Y35-44
SE,2008,18.6,Y35-44
SI,2008,7.3,Y35-44
SK,2008,26,Y35-44
TR,2008,:,Y35-44
UK,2008,23.9,Y35-44
AL,2008,:,Y45-54
AT,2008,:,Y45-54
BE,2008,12.1,Y45-54
BG,2008,14.5,Y45-54
CH,2008,22.9,Y45-54
CY,2008,37.4,Y45-54
CZ,2008,26.9,Y45-54
DE,2008,:,Y45-54
DK,2008,19.5,Y45-54
EE,2008,:,Y45-54
EL,2008,:,Y45-54
ES,2008,17.6,Y45-54
FI,2008,23.2,Y45-54
FR,2008,:,Y45-54
HR,2008,:,Y45-54
HU,2008,19.5,Y45-54
IE,2008,16.5,Y45-54
IS,2008,26.1,Y45-54
IT,2008,1.2,Y45-54
LT,2008,22.6,Y45-54
LU,2008,15.3,Y45-54
LV,2008,:,Y45-54
ME,2008,:,Y45-54
MK,2008,:,Y45-54
MT,2008,10.5,Y45-54
NL,2008,25.1,Y45-54
NO,2008,21.6,Y45-54
PL,2008,12.3,Y45-54
PT,2008,9.4,Y45-54
RO,2008,6.7,Y45-54
RS,2008,:,Y45-54
SE,2008,20.4,Y45-54
SI,2008,8.2,Y45-54
SK,2008,20.2,Y45-54
TR,2008,:,Y45-54
UK,2008,29.5,Y45-54
AL,2008,:,Y55-64
AT,2008,:,Y55-64
BE,2008,17.8,Y55-64
BG,2008,8.5,Y55-64
CH,2008,24.1,Y55-64
CY,2008,38.2,Y55-64
CZ,2008,20.7,Y55-64
DE,2008,:,Y55-64
DK,2008,18.5,Y55-64
EE,2008,:,Y55-64
EL,2008,:,Y55-64
ES,2008,21.9,Y55-64
FI,2008,25.8,Y55-64
FR,2008,:,Y55-64
HR,2008,:,Y55-64
HU,2008,18,Y55-64
IE,2008,21.5,Y55-64
IS,2008,25.9,Y55-64
IT,2008,7.8,Y55-64
LT,2008,19.2,Y55-64
LU,2008,23.1,Y55-64
LV,2008,:,Y55-64
ME,2008,:,Y55-64
MK,2008,:,Y55-64
MT,2008,-0.3,Y55-64
NL,2008,25.8,Y55-64
NO,2008,21.9,Y55-64
PL,2008,2.9,Y55-64
PT,2008,10.2,Y55-64
RO,2008,-4,Y55-64
RS,2008,:,Y55-64
SE,2008,20.1,Y55-64
SI,2008,-4.9,Y55-64
SK,2008,12.2,Y55-64
TR,2008,:,Y55-64
UK,2008,22.5,Y55-64
AL,2008,:,Y_GE65
AT,2008,:,Y_GE65
BE,2008,:,Y_GE65
BG,2008,-12.3,Y_GE65
CH,2008,27.5,Y_GE65
CY,2008,27,Y_GE65
CZ,2008,29.8,Y_GE65
DE,2008,:,Y_GE65
DK,2008,13.3,Y_GE65
EE,2008,:,Y_GE65
EL,2008,:,Y_GE65
ES,2008,:,Y_GE65
FI,2008,28.2,Y_GE65
FR,2008,:,Y_GE65
HR,2008,:,Y_GE65
HU,2008,20.6,Y_GE65
IE,2008,14.2,Y_GE65
IS,2008,19.8,Y_GE65
IT,2008,:,Y_GE65
LT,2008,14.7,Y_GE65
LU,2008,:,Y_GE65
LV,2008,:,Y_GE65
ME,2008,:,Y_GE65
MK,2008,:,Y_GE65
MT,2008,20.2,Y_GE65
NL,2008,11.3,Y_GE65
NO,2008,19.2,Y_GE65
PL,2008,25.1,Y_GE65
PT,2008,33.6,Y_GE65
RO,2008,7,Y_GE65
RS,2008,:,Y_GE65
SE,2008,0,Y_GE65
SI,2008,6.2,Y_GE65
SK,2008,16.7,Y_GE65
TR,2008,:,Y_GE65
UK,2008,22,Y_GE65
AL,2008,:,Y_LT25
AT,2008,:,Y_LT25
BE,2008,3,Y_LT25
BG,2008,6,Y_LT25
CH,2008,3.9,Y_LT25
CY,2008,11.4,Y_LT25
CZ,2008,12.1,Y_LT25
DE,2008,:,Y_LT25
DK,2008,6.1,Y_LT25
EE,2008,:,Y_LT25
EL,2008,:,Y_LT25
ES,2008,7.9,Y_LT25
FI,2008,7.4,Y_LT25
FR,2008,:,Y_LT25
HR,2008,:,Y_LT25
HU,2008,0.5,Y_LT25
IE,2008,-1.3,Y_LT25
IS,2008,7,Y_LT25
IT,2008,2,Y_LT25
LT,2008,16.5,Y_LT25
LU,2008,-5.4,Y_LT25
LV,2008,:,Y_LT25
ME,2008,:,Y_LT25
MK,2008,:,Y_LT25
MT,2008,-1.4,Y_LT25
NL,2008,0.8,Y_LT25
NO,2008,7.4,Y_LT25
PL,2008,9.6,Y_LT25
PT,2008,5.2,Y_LT25
RO,2008,1.8,Y_LT25
RS,2008,:,Y_LT25
SE,2008,6.8,Y_LT25
SI,2008,-4.9,Y_LT25
SK,2008,9.5,Y_LT25
TR,2008,:,Y_LT25
UK,2008,3.7,Y_LT25
AL,2007,:,Y25-34
AT,2007,:,Y25-34
BE,2007,3.6,Y25-34
BG,2007,9.6,Y25-34
CH,2007,:,Y25-34
CY,2007,:,Y25-34
CZ,2007,:,Y25-34
DE,2007,:,Y25-34
DK,2007,:,Y25-34
EE,2007,:,Y25-34
EL,2007,:,Y25-34
ES,2007,11.6,Y25-34
FI,2007,:,Y25-34
FR,2007,:,Y25-34
HR,2007,:,Y25-34
HU,2007,11.2,Y25-34
IE,2007,:,Y25-34
IS,2007,17.7,Y25-34
IT,2007,1.3,Y25-34
LT,2007,22.6,Y25-34
LU,2007,1.1,Y25-34
LV,2007,:,Y25-34
ME,2007,:,Y25-34
MK,2007,:,Y25-34
MT,2007,1.9,Y25-34
NL,2007,7,Y25-34
NO,2007,:,Y25-34
PL,2007,13.8,Y25-34
PT,2007,3.6,Y25-34
RO,2007,5.4,Y25-34
RS,2007,:,Y25-34
SE,2007,:,Y25-34
SI,2007,-0.3,Y25-34
SK,2007,:,Y25-34
TR,2007,:,Y25-34
UK,2007,8.9,Y25-34
AL,2007,:,Y35-44
AT,2007,:,Y35-44
BE,2007,9.9,Y35-44
BG,2007,18.4,Y35-44
CH,2007,:,Y35-44
CY,2007,:,Y35-44
CZ,2007,:,Y35-44
DE,2007,:,Y35-44
DK,2007,:,Y35-44
EE,2007,:,Y35-44
EL,2007,:,Y35-44
ES,2007,16.7,Y35-44
FI,2007,:,Y35-44
FR,2007,:,Y35-44
HR,2007,:,Y35-44
HU,2007,22.4,Y35-44
IE,2007,:,Y35-44
IS,2007,30.8,Y35-44
IT,2007,7,Y35-44
LT,2007,25,Y35-44
LU,2007,6.9,Y35-44
LV,2007,:,Y35-44
ME,2007,:,Y35-44
MK,2007,:,Y35-44
MT,2007,4.7,Y35-44
NL,2007,18.5,Y35-44
NO,2007,:,Y35-44
PL,2007,18,Y35-44
PT,2007,12.5,Y35-44
RO,2007,12.3,Y35-44
RS,2007,:,Y35-44
SE,2007,:,Y35-44
SI,2007,7.4,Y35-44
SK,2007,:,Y35-44
TR,2007,:,Y35-44
UK,2007,22.9,Y35-44
AL,2007,:,Y45-54
AT,2007,:,Y45-54
BE,2007,12.1,Y45-54
BG,2007,13.3,Y45-54
CH,2007,:,Y45-54
CY,2007,:,Y45-54
CZ,2007,:,Y45-54
DE,2007,:,Y45-54
DK,2007,:,Y45-54
EE,2007,:,Y45-54
EL,2007,:,Y45-54
ES,2007,18.8,Y45-54
FI,2007,:,Y45-54
FR,2007,:,Y45-54
HR,2007,:,Y45-54
HU,2007,17.9,Y45-54
IE,2007,:,Y45-54
IS,2007,27.4,Y45-54
IT,2007,1,Y45-54
LT,2007,23.4,Y45-54
LU,2007,15.6,Y45-54
LV,2007,:,Y45-54
ME,2007,:,Y45-54
MK,2007,:,Y45-54
MT,2007,7.8,Y45-54
NL,2007,25.8,Y45-54
NO,2007,:,Y45-54
PL,2007,16.4,Y45-54
PT,2007,8.4,Y45-54
RO,2007,6.4,Y45-54
RS,2007,:,Y45-54
SE,2007,:,Y45-54
SI,2007,8.2,Y45-54
SK,2007,:,Y45-54
TR,2007,:,Y45-54
UK,2007,28,Y45-54
AL,2007,:,Y55-64
AT,2007,:,Y55-64
BE,2007,17.8,Y55-64
BG,2007,9.2,Y55-64
CH,2007,:,Y55-64
CY,2007,:,Y55-64
CZ,2007,:,Y55-64
DE,2007,:,Y55-64
DK,2007,:,Y55-64
EE,2007,:,Y55-64
EL,2007,:,Y55-64
ES,2007,21.7,Y55-64
FI,2007,:,Y55-64
FR,2007,:,Y55-64
HR,2007,:,Y55-64
HU,2007,18,Y55-64
IE,2007,:,Y55-64
IS,2007,30.4,Y55-64
IT,2007,10.7,Y55-64
LT,2007,20.8,Y55-64
LU,2007,23.9,Y55-64
LV,2007,:,Y55-64
ME,2007,:,Y55-64
MK,2007,:,Y55-64
MT,2007,-3.2,Y55-64
NL,2007,27.1,Y55-64
NO,2007,:,Y55-64
PL,2007,2.6,Y55-64
PT,2007,5.9,Y55-64
RO,2007,-4.8,Y55-64
RS,2007,:,Y55-64
SE,2007,:,Y55-64
SI,2007,-3.9,Y55-64
SK,2007,:,Y55-64
TR,2007,:,Y55-64
UK,2007,22.6,Y55-64
AL,2007,:,Y_GE65
AT,2007,:,Y_GE65
BE,2007,:,Y_GE65
BG,2007,-9.6,Y_GE65
CH,2007,:,Y_GE65
CY,2007,:,Y_GE65
CZ,2007,:,Y_GE65
DE,2007,:,Y_GE65
DK,2007,:,Y_GE65
EE,2007,:,Y_GE65
EL,2007,:,Y_GE65
ES,2007,:,Y_GE65
FI,2007,:,Y_GE65
FR,2007,:,Y_GE65
HR,2007,:,Y_GE65
HU,2007,12.3,Y_GE65
IE,2007,:,Y_GE65
IS,2007,21.3,Y_GE65
IT,2007,:,Y_GE65
LT,2007,17.1,Y_GE65
LU,2007,:,Y_GE65
LV,2007,:,Y_GE65
ME,2007,:,Y_GE65
MK,2007,:,Y_GE65
MT,2007,27.4,Y_GE65
NL,2007,11,Y_GE65
NO,2007,:,Y_GE65
PL,2007,35,Y_GE65
PT,2007,40.2,Y_GE65
RO,2007,5.3,Y_GE65
RS,2007,:,Y_GE65
SE,2007,:,Y_GE65
SI,2007,12.4,Y_GE65
SK,2007,:,Y_GE65
TR,2007,:,Y_GE65
UK,2007,27.8,Y_GE65
AL,2007,:,Y_LT25
AT,2007,:,Y_LT25
BE,2007,3,Y_LT25
BG,2007,6.2,Y_LT25
CH,2007,:,Y_LT25
CY,2007,:,Y_LT25
CZ,2007,:,Y_LT25
DE,2007,:,Y_LT25
DK,2007,:,Y_LT25
EE,2007,:,Y_LT25
EL,2007,:,Y_LT25
ES,2007,6.5,Y_LT25
FI,2007,:,Y_LT25
FR,2007,:,Y_LT25
HR,2007,:,Y_LT25
HU,2007,0.1,Y_LT25
IE,2007,:,Y_LT25
IS,2007,9.3,Y_LT25
IT,2007,2.1,Y_LT25
LT,2007,19.2,Y_LT25
LU,2007,-5,Y_LT25
LV,2007,:,Y_LT25
ME,2007,:,Y_LT25
MK,2007,:,Y_LT25
MT,2007,-2.7,Y_LT25
NL,2007,0.7,Y_LT25
NO,2007,:,Y_LT25
PL,2007,12.6,Y_LT25
PT,2007,-0.5,Y_LT25
RO,2007,1.9,Y_LT25
RS,2007,:,Y_LT25
SE,2007,:,Y_LT25
SI,2007,-4,Y_LT25
SK,2007,:,Y_LT25
TR,2007,:,Y_LT25
UK,2007,4,Y_LT25
